MÃªs,Dia,Pressao Atmosferica
1,1,89.7
1,1,89.6
1,1,89.5
1,1,89.6
1,1,89.5
1,1,89.6
1,1,89.5
1,1,89.6
1,1,89.7
1,1,89.7
1,1,89.8
1,1,89.8
1,1,89.7
1,1,89.7
1,1,89.6
1,1,89.5
1,1,89.4
1,1,89.4
1,1,89.4
1,1,89.4
1,1,89.5
1,1,89.6
1,1,89.7
1,1,89.7
1,2,89.7
1,2,89.7
1,2,89.7
1,2,89.6
1,2,89.6
1,2,89.6
1,2,89.6
1,2,89.8
1,2,89.7
1,2,89.8
1,2,89.8
1,2,89.8
1,2,89.8
1,2,89.8
1,2,89.6
1,2,89.6
1,2,89.6
1,2,89.5
1,2,89.5
1,2,89.5
1,2,89.7
1,2,89.7
1,2,89.7
1,2,89.8
1,3,89.9
1,3,89.8
1,3,89.8
1,3,89.7
1,3,89.6
1,3,89.7
1,3,89.7
1,3,89.8
1,3,89.8
1,3,89.8
1,3,89.8
1,3,89.8
1,3,89.8
1,3,89.7
1,3,89.7
1,3,89.5
1,3,89.6
1,3,89.6
1,3,89.6
1,3,89.6
1,3,89.5
1,3,89.6
1,3,89.7
1,3,89.7
1,4,89.7
1,4,89.6
1,4,89.6
1,4,89.6
1,4,89.5
1,4,89.5
1,4,89.6
1,4,89.6
1,4,89.7
1,4,89.8
1,4,89.8
1,4,89.8
1,4,89.7
1,4,89.6
1,4,89.5
1,4,89.5
1,4,89.4
1,4,89.3
1,4,89.4
1,4,89.4
1,4,89.6
1,4,89.7
1,4,89.7
1,4,89.7
1,5,89.7
1,5,89.6
1,5,89.6
1,5,89.7
1,5,89.5
1,5,89.5
1,5,89.5
1,5,89.6
1,5,89.7
1,5,89.8
1,5,89.8
1,5,89.8
1,5,89.8
1,5,89.6
1,5,89.6
1,5,89.5
1,5,89.5
1,5,89.5
1,5,89.4
1,5,89.5
1,5,89.5
1,5,89.6
1,5,89.7
1,5,89.8
1,6,89.7
1,6,89.7
1,6,89.6
1,6,89.5
1,6,89.5
1,6,89.5
1,6,89.6
1,6,89.6
1,6,89.7
1,6,89.8
1,6,89.7
1,6,89.7
1,6,89.7
1,6,89.5
1,6,89.5
1,6,89.5
1,6,89.4
1,6,89.4
1,6,89.4
1,6,89.5
1,6,89.6
1,6,89.7
1,6,89.7
1,6,89.7
1,7,89.6
1,7,89.6
1,7,89.6
1,7,89.6
1,7,89.5
1,7,89.6
1,7,89.6
1,7,89.7
1,7,89.7
1,7,89.7
1,7,89.8
1,7,89.8
1,7,89.7
1,7,89.6
1,7,89.5
1,7,89.5
1,7,89.4
1,7,89.3
1,7,89.3
1,7,89.4
1,7,89.5
1,7,89.6
1,7,89.7
1,7,89.8
1,8,89.8
1,8,89.7
1,8,89.7
1,8,89.7
1,8,89.6
1,8,89.7
1,8,89.6
1,8,89.7
1,8,89.7
1,8,89.8
1,8,89.8
1,8,89.8
1,8,89.7
1,8,89.7
1,8,89.6
1,8,89.5
1,8,89.4
1,8,89.4
1,8,89.5
1,8,89.4
1,8,89.5
1,8,89.6
1,8,89.6
1,8,89.6
1,9,89.6
1,9,89.6
1,9,89.6
1,9,89.6
1,9,89.6
1,9,89.6
1,9,89.6
1,9,89.6
1,9,89.7
1,9,89.7
1,9,89.8
1,9,89.7
1,9,89.6
1,9,89.6
1,9,89.5
1,9,89.6
1,9,89.3
1,9,89.3
1,9,89.4
1,9,89.4
1,9,89.4
1,9,89.5
1,9,89.6
1,9,89.6
1,10,89.5
1,10,89.5
1,10,89.5
1,10,89.4
1,10,89.4
1,10,89.4
1,10,89.5
1,10,89.5
1,10,89.6
1,10,89.6
1,10,89.6
1,10,89.6
1,10,89.6
1,10,89.5
1,10,89.4
1,10,89.4
1,10,89.3
1,10,89.2
1,10,89.2
1,10,89.3
1,10,89.4
1,10,89.4
1,10,89.5
1,10,89.5
1,11,89.5
1,11,89.4
1,11,89.4
1,11,89.3
1,11,89.2
1,11,89.2
1,11,89.3
1,11,89.4
1,11,89.4
1,11,89.4
1,11,89.5
1,11,89.5
1,11,89.5
1,11,89.4
1,11,89.4
1,11,89.3
1,11,89.3
1,11,89.2
1,11,89.2
1,11,89.2
1,11,89.3
1,11,89.4
1,11,89.5
1,11,89.5
1,12,89.4
1,12,89.4
1,12,89.4
1,12,89.3
1,12,89.3
1,12,89.3
1,12,89.3
1,12,89.4
1,12,89.4
1,12,89.5
1,12,89.5
1,12,89.5
1,12,89.5
1,12,89.4
1,12,89.4
1,12,89.3
1,12,89.2
1,12,89.2
1,12,89.2
1,12,89.2
1,12,89.3
1,12,89.4
1,12,89.5
1,12,89.5
1,13,89.5
1,13,89.5
1,13,89.4
1,13,89.3
1,13,89.3
1,13,89.3
1,13,89.3
1,13,89.4
1,13,89.4
1,13,89.4
1,13,89.5
1,13,89.5
1,13,89.5
1,13,89.4
1,13,89.3
1,13,89.2
1,13,89.2
1,13,89.2
1,13,89.1
1,13,89.2
1,13,89.3
1,13,89.4
1,13,89.4
1,13,89.4
1,14,89.4
1,14,89.4
1,14,89.3
1,14,89.3
1,14,89.3
1,14,89.3
1,14,89.4
1,14,89.4
1,14,89.5
1,14,89.6
1,14,89.6
1,14,89.6
1,14,89.5
1,14,89.5
1,14,89.4
1,14,89.3
1,14,89.2
1,14,89.2
1,14,89.3
1,14,89.4
1,14,89.4
1,14,89.4
1,14,89.5
1,14,89.5
1,15,89.5
1,15,89.5
1,15,89.4
1,15,89.4
1,15,89.4
1,15,89.3
1,15,89.3
1,15,89.4
1,15,89.5
1,15,89.5
1,15,89.5
1,15,89.5
1,15,89.4
1,15,89.3
1,15,89.3
1,15,89.2
1,15,89.1
1,15,89.1
1,15,89.1
1,15,89.2
1,15,89.2
1,15,89.4
1,15,89.4
1,15,89.4
1,16,89.4
1,16,89.4
1,16,89.4
1,16,89.3
1,16,89.3
1,16,89.3
1,16,89.3
1,16,89.4
1,16,89.4
1,16,89.5
1,16,89.5
1,16,89.5
1,16,89.5
1,16,89.4
1,16,89.4
1,16,89.3
1,16,89.2
1,16,89.2
1,16,89.2
1,16,89.3
1,16,89.3
1,16,89.4
1,16,89.5
1,16,89.5
1,17,89.5
1,17,89.5
1,17,89.4
1,17,89.4
1,17,89.4
1,17,89.4
1,17,89.4
1,17,89.5
1,17,89.6
1,17,89.6
1,17,89.6
1,17,89.6
1,17,89.5
1,17,89.5
1,17,89.4
1,17,89.4
1,17,89.3
1,17,89.2
1,17,89.3
1,17,89.4
1,17,89.5
1,17,89.6
1,17,89.6
1,17,89.7
1,18,89.7
1,18,89.6
1,18,89.5
1,18,89.5
1,18,89.5
1,18,89.6
1,18,89.6
1,18,89.6
1,18,89.7
1,18,89.7
1,18,89.8
1,18,89.8
1,18,89.7
1,18,89.6
1,18,89.6
1,18,89.5
1,18,89.4
1,18,89.4
1,18,89.5
1,18,89.5
1,18,89.5
1,18,89.6
1,18,89.7
1,18,89.7
1,19,89.6
1,19,89.6
1,19,89.6
1,19,89.5
1,19,89.5
1,19,89.5
1,19,89.5
1,19,89.6
1,19,89.7
1,19,89.7
1,19,89.7
1,19,89.7
1,19,89.7
1,19,89.6
1,19,89.5
1,19,89.4
1,19,89.3
1,19,89.4
1,19,89.4
1,19,89.4
1,19,89.5
1,19,89.6
1,19,89.7
1,19,89.7
1,20,89.7
1,20,89.6
1,20,89.6
1,20,89.6
1,20,89.6
1,20,89.6
1,20,89.6
1,20,89.7
1,20,89.7
1,20,89.7
1,20,89.8
1,20,89.7
1,20,89.7
1,20,89.7
1,20,89.6
1,20,89.6
1,20,89.5
1,20,89.5
1,20,89.5
1,20,89.6
1,20,89.6
1,20,89.7
1,20,89.7
1,20,89.7
1,21,89.7
1,21,89.7
1,21,89.7
1,21,89.7
1,21,89.6
1,21,89.6
1,21,89.6
1,21,89.7
1,21,89.8
1,21,89.9
1,21,89.9
1,21,89.9
1,21,89.9
1,21,89.8
1,21,89.7
1,21,89.6
1,21,89.5
1,21,89.5
1,21,89.6
1,21,89.8
1,21,89.8
1,21,89.9
1,21,89.9
1,21,89.9
1,22,89.9
1,22,89.8
1,22,89.8
1,22,89.7
1,22,89.7
1,22,89.7
1,22,89.7
1,22,89.8
1,22,89.8
1,22,89.8
1,22,89.8
1,22,89.8
1,22,89.8
1,22,89.6
1,22,89.6
1,22,89.5
1,22,89.4
1,22,89.4
1,22,89.4
1,22,89.4
1,22,89.5
1,22,89.6
1,22,89.6
1,22,89.7
1,23,89.7
1,23,89.6
1,23,89.6
1,23,89.6
1,23,89.5
1,23,89.6
1,23,89.7
1,23,89.7
1,23,89.7
1,23,89.7
1,23,89.8
1,23,89.8
1,23,89.7
1,23,89.6
1,23,89.5
1,23,89.4
1,23,89.4
1,23,89.4
1,23,89.4
1,23,89.4
1,23,89.5
1,23,89.6
1,23,89.7
1,23,89.7
1,24,89.7
1,24,89.6
1,24,89.6
1,24,89.5
1,24,89.5
1,24,89.5
1,24,89.6
1,24,89.7
1,24,89.8
1,24,89.8
1,24,89.9
1,24,89.9
1,24,89.9
1,24,89.9
1,24,89.9
1,24,89.6
1,24,89.5
1,24,89.5
1,24,89.6
1,24,89.7
1,24,89.7
1,24,89.8
1,24,89.8
1,24,89.8
1,25,89.8
1,25,89.7
1,25,89.7
1,25,89.5
1,25,89.5
1,25,89.4
1,25,89.6
1,25,89.6
1,25,89.8
1,25,89.8
1,25,89.8
1,25,89.8
1,25,89.8
1,25,89.7
1,25,89.6
1,25,89.5
1,25,89.4
1,25,89.4
1,25,89.5
1,25,89.5
1,25,89.6
1,25,89.7
1,25,89.7
1,25,89.7
1,26,89.7
1,26,89.7
1,26,89.6
1,26,89.6
1,26,89.6
1,26,89.6
1,26,89.6
1,26,89.7
1,26,89.7
1,26,89.8
1,26,89.8
1,26,89.7
1,26,89.7
1,26,89.6
1,26,89.5
1,26,89.5
1,26,89.5
1,26,89.5
1,26,89.5
1,26,89.5
1,26,89.6
1,26,89.7
1,26,89.7
1,26,89.7
1,27,89.7
1,27,89.7
1,27,89.8
1,27,89.7
1,27,89.7
1,27,89.7
1,27,89.7
1,27,89.8
1,27,89.8
1,27,89.8
1,27,89.8
1,27,89.8
1,27,89.7
1,27,89.6
1,27,89.5
1,27,89.5
1,27,89.4
1,27,89.4
1,27,89.4
1,27,89.6
1,27,89.6
1,27,89.7
1,27,89.7
1,27,89.7
1,28,89.6
1,28,89.6
1,28,89.5
1,28,89.5
1,28,89.5
1,28,89.5
1,28,89.6
1,28,89.7
1,28,89.7
1,28,89.8
1,28,89.8
1,28,89.7
1,28,89.7
1,28,89.6
1,28,89.6
1,28,89.5
1,28,89.5
1,28,89.5
1,28,89.4
1,28,89.5
1,28,89.6
1,28,89.6
1,28,89.6
1,28,89.6
1,29,89.5
1,29,89.5
1,29,89.5
1,29,89.5
1,29,89.4
1,29,89.4
1,29,89.5
1,29,89.5
1,29,89.6
1,29,89.6
1,29,89.7
1,29,89.6
1,29,89.6
1,29,89.5
1,29,89.4
1,29,89.2
1,29,89.3
1,29,89.2
1,29,89.4
1,29,89.4
1,29,89.5
1,29,89.5
1,29,89.6
1,29,89.6
1,30,89.6
1,30,89.5
1,30,89.5
1,30,89.4
1,30,89.4
1,30,89.4
1,30,89.5
1,30,89.5
1,30,89.5
1,30,89.6
1,30,89.6
1,30,89.6
1,30,89.4
1,30,89.4
1,30,89.3
1,30,89.3
1,30,89.2
1,30,89.2
1,30,89.1
1,30,89.3
1,30,89.4
1,30,89.5
1,30,89.5
1,30,89.5
1,31,89.5
1,31,89.4
1,31,89.4
1,31,89.4
1,31,89.4
1,31,89.4
1,31,89.4
1,31,89.4
1,31,89.5
1,31,89.5
1,31,89.5
1,31,89.5
1,31,89.5
1,31,89.4
1,31,89.3
1,31,89.2
1,31,89.2
1,31,89.2
1,31,89.3
1,31,89.4
1,31,89.4
1,31,89.5
1,31,89.6
1,31,89.5
2,1,89.5
2,1,89.5
2,1,89.5
2,1,89.5
2,1,89.5
2,1,89.5
2,1,89.5
2,1,89.5
2,1,89.6
2,1,89.6
2,1,89.6
2,1,89.6
2,1,89.6
2,1,89.5
2,1,89.4
2,1,89.3
2,1,89.2
2,1,89.2
2,1,89.2
2,1,89.3
2,1,89.5
2,1,89.6
2,1,89.6
2,1,89.6
2,2,89.6
2,2,89.6
2,2,89.5
2,2,89.5
2,2,89.5
2,2,89.5
2,2,89.5
2,2,89.6
2,2,89.7
2,2,89.7
2,2,89.8
2,2,89.7
2,2,89.7
2,2,89.6
2,2,89.5
2,2,89.5
2,2,89.4
2,2,89.4
2,2,89.4
2,2,89.4
2,2,89.5
2,2,89.6
2,2,89.7
2,2,89.8
2,3,89.8
2,3,89.7
2,3,89.6
2,3,89.6
2,3,89.6
2,3,89.6
2,3,89.6
2,3,89.7
2,3,89.7
2,3,89.7
2,3,89.8
2,3,89.7
2,3,89.7
2,3,89.6
2,3,89.5
2,3,89.5
2,3,89.5
2,3,89.4
2,3,89.4
2,3,89.5
2,3,89.5
2,3,89.6
2,3,89.7
2,3,89.7
2,4,89.7
2,4,89.7
2,4,89.6
2,4,89.6
2,4,89.5
2,4,89.5
2,4,89.5
2,4,89.6
2,4,89.6
2,4,89.7
2,4,89.7
2,4,89.6
2,4,89.6
2,4,89.6
2,4,89.5
2,4,89.5
2,4,89.5
2,4,89.5
2,4,89.5
2,4,89.5
2,4,89.6
2,4,89.6
2,4,89.7
2,4,89.7
2,5,89.7
2,5,89.7
2,5,89.6
2,5,89.6
2,5,89.6
2,5,89.6
2,5,89.6
2,5,89.7
2,5,89.7
2,5,89.8
2,5,89.8
2,5,89.8
2,5,89.8
2,5,89.7
2,5,89.7
2,5,89.7
2,5,89.6
2,5,89.6
2,5,89.6
2,5,89.6
2,5,89.7
2,5,89.8
2,5,89.8
2,5,89.9
2,6,89.8
2,6,89.8
2,6,89.8
2,6,89.7
2,6,89.7
2,6,89.7
2,6,89.8
2,6,89.8
2,6,89.7
2,6,89.9
2,6,89.9
2,6,89.8
2,6,89.8
2,6,89.8
2,6,89.7
2,6,89.7
2,6,89.6
2,6,89.6
2,6,89.6
2,6,89.7
2,6,89.8
2,6,89.8
2,6,89.9
2,6,89.9
2,7,89.9
2,7,89.8
2,7,89.8
2,7,89.7
2,7,89.7
2,7,89.7
2,7,89.8
2,7,89.8
2,7,89.9
2,7,89.9
2,7,89.9
2,7,89.9
2,7,89.9
2,7,89.8
2,7,89.7
2,7,89.6
2,7,89.6
2,7,89.6
2,7,89.7
2,7,89.6
2,7,89.6
2,7,89.7
2,7,89.8
2,7,89.8
2,8,89.8
2,8,89.7
2,8,89.7
2,8,89.7
2,8,89.6
2,8,89.6
2,8,89.7
2,8,89.7
2,8,89.8
2,8,89.8
2,8,89.8
2,8,89.8
2,8,89.8
2,8,89.6
2,8,89.5
2,8,89.5
2,8,89.4
2,8,89.4
2,8,89.4
2,8,89.4
2,8,89.4
2,8,89.4
2,8,89.5
2,8,89.6
2,9,89.5
2,9,89.5
2,9,89.5
2,9,89.4
2,9,89.4
2,9,89.4
2,9,89.4
2,9,89.5
2,9,89.5
2,9,89.6
2,9,89.6
2,9,89.6
2,9,89.5
2,9,89.4
2,9,89.4
2,9,89.3
2,9,89.3
2,9,89.2
2,9,89.2
2,9,89.3
2,9,89.3
2,9,89.3
2,9,89.4
2,9,89.5
2,10,89.6
2,10,89.6
2,10,89.5
2,10,89.5
2,10,89.4
2,10,89.4
2,10,89.4
2,10,89.4
2,10,89.4
2,10,89.5
2,10,89.5
2,10,89.6
2,10,89.5
2,10,89.4
2,10,89.3
2,10,89.3
2,10,89.2
2,10,89.1
2,10,89.2
2,10,89.3
2,10,89.4
2,10,89.4
2,10,89.6
2,10,89.6
2,11,89.6
2,11,89.6
2,11,89.6
2,11,89.5
2,11,89.5
2,11,89.4
2,11,89.5
2,11,89.6
2,11,89.7
2,11,89.8
2,11,89.8
2,11,89.8
2,11,89.8
2,11,89.8
2,11,89.7
2,11,89.6
2,11,89.6
2,11,89.6
2,11,89.6
2,11,89.6
2,11,89.7
2,11,89.8
2,11,89.8
2,11,89.8
2,12,89.8
2,12,89.8
2,12,89.7
2,12,89.7
2,12,89.7
2,12,89.7
2,12,89.7
2,12,89.8
2,12,89.8
2,12,89.9
2,12,89.9
2,12,89.9
2,12,89.8
2,12,89.8
2,12,89.7
2,12,89.7
2,12,89.5
2,12,89.4
2,12,89.5
2,12,89.6
2,12,89.6
2,12,89.7
2,12,89.8
2,12,89.8
2,13,89.8
2,13,89.7
2,13,89.7
2,13,89.7
2,13,89.6
2,13,89.6
2,13,89.6
2,13,89.6
2,13,89.7
2,13,89.8
2,13,89.8
2,13,89.7
2,13,89.7
2,13,89.6
2,13,89.5
2,13,89.4
2,13,89.4
2,13,89.5
2,13,89.4
2,13,89.6
2,13,89.6
2,13,89.6
2,13,89.8
2,13,89.7
2,14,89.7
2,14,89.7
2,14,89.7
2,14,89.7
2,14,89.7
2,14,89.6
2,14,89.7
2,14,89.6
2,14,89.7
2,14,89.7
2,14,89.7
2,14,89.7
2,14,89.7
2,14,89.6
2,14,89.5
2,14,89.5
2,14,89.5
2,14,89.4
2,14,89.4
2,14,89.4
2,14,89.5
2,14,89.6
2,14,89.7
2,14,89.7
2,15,89.7
2,15,89.6
2,15,89.6
2,15,89.6
2,15,89.6
2,15,89.6
2,15,89.6
2,15,89.7
2,15,89.8
2,15,89.9
2,15,89.9
2,15,89.9
2,15,89.9
2,15,89.8
2,15,89.7
2,15,89.7
2,15,89.6
2,15,89.5
2,15,89.5
2,15,89.6
2,15,89.6
2,15,89.8
2,15,89.8
2,15,89.8
2,16,89.8
2,16,89.8
2,16,89.7
2,16,89.7
2,16,89.7
2,16,89.7
2,16,89.7
2,16,89.8
2,16,89.9
2,16,90
2,16,90
2,16,90
2,16,89.9
2,16,89.9
2,16,89.8
2,16,89.8
2,16,89.7
2,16,89.8
2,16,89.8
2,16,89.8
2,16,89.7
2,16,89.8
2,16,89.8
2,16,89.9
2,17,89.8
2,17,89.8
2,17,89.7
2,17,89.7
2,17,89.7
2,17,89.8
2,17,89.8
2,17,89.7
2,17,89.9
2,17,89.9
2,17,89.9
2,17,89.9
2,17,89.9
2,17,89.8
2,17,89.7
2,17,89.6
2,17,89.5
2,17,89.6
2,17,89.6
2,17,89.6
2,17,89.8
2,17,89.8
2,17,89.9
2,17,89.9
2,18,90
2,18,89.9
2,18,89.9
2,18,89.8
2,18,89.8
2,18,89.8
2,18,89.8
2,18,89.8
2,18,89.9
2,18,89.9
2,18,89.9
2,18,89.9
2,18,89.9
2,18,89.8
2,18,89.8
2,18,89.7
2,18,89.6
2,18,89.6
2,18,89.6
2,18,89.8
2,18,89.8
2,18,89.9
2,18,90
2,18,90
2,19,90
2,19,89.9
2,19,89.9
2,19,89.9
2,19,89.9
2,19,89.8
2,19,89.8
2,19,89.8
2,19,89.9
2,19,89.9
2,19,89.9
2,19,89.9
2,19,89.8
2,19,89.7
2,19,89.6
2,19,89.6
2,19,89.5
2,19,89.5
2,19,89.5
2,19,89.6
2,19,89.6
2,19,89.7
2,19,89.7
2,19,89.7
2,20,89.5
2,20,89.5
2,20,89.5
2,20,89.6
2,20,89.6
2,20,89.6
2,20,89.7
2,20,89.7
2,20,89.8
2,20,89.8
2,20,89.8
2,20,89.7
2,20,89.7
2,20,89.6
2,20,89.5
2,20,89.5
2,20,89.4
2,20,89.4
2,20,89.3
2,20,89.5
2,20,89.6
2,20,89.6
2,20,89.6
2,20,89.7
2,21,89.7
2,21,89.7
2,21,89.6
2,21,89.6
2,21,89.6
2,21,89.7
2,21,89.7
2,21,89.7
2,21,89.8
2,21,89.8
2,21,89.9
2,21,89.9
2,21,89.8
2,21,89.7
2,21,89.6
2,21,89.5
2,21,89.5
2,21,89.4
2,21,89.4
2,21,89.5
2,21,89.4
2,21,89.5
2,21,89.6
2,21,89.6
2,22,89.6
2,22,89.6
2,22,89.6
2,22,89.6
2,22,89.6
2,22,89.6
2,22,89.6
2,22,89.6
2,22,89.7
2,22,89.8
2,22,89.7
2,22,89.7
2,22,89.7
2,22,89.7
2,22,89.6
2,22,89.5
2,22,89.4
2,22,89.4
2,22,89.3
2,22,89.4
2,22,89.4
2,22,89.5
2,22,89.6
2,22,89.7
2,23,89.7
2,23,89.7
2,23,89.6
2,23,89.6
2,23,89.6
2,23,89.6
2,23,89.6
2,23,89.7
2,23,89.7
2,23,89.8
2,23,89.8
2,23,89.7
2,23,89.7
2,23,89.5
2,23,89.5
2,23,89.4
2,23,89.3
2,23,89.3
2,23,89.3
2,23,89.4
2,23,89.4
2,23,89.5
2,23,89.6
2,23,89.7
2,24,89.6
2,24,89.5
2,24,89.5
2,24,89.4
2,24,89.4
2,24,89.4
2,24,89.5
2,24,89.5
2,24,89.6
2,24,89.6
2,24,89.6
2,24,89.5
2,24,89.5
2,24,89.4
2,24,89.2
2,24,89.3
2,24,89.2
2,24,89.2
2,24,89.2
2,24,89.3
2,24,89.3
2,24,89.3
2,24,89.4
2,24,89.4
2,25,89.4
2,25,89.4
2,25,89.3
2,25,89.3
2,25,89.3
2,25,89.2
2,25,89.2
2,25,89.2
2,25,89.3
2,25,89.4
2,25,89.4
2,25,89.4
2,25,89.4
2,25,89.3
2,25,89.2
2,25,89.1
2,25,89.1
2,25,89.1
2,25,89.2
2,25,89.3
2,25,89.3
2,25,89.4
2,25,89.5
2,25,89.5
2,26,89.5
2,26,89.5
2,26,89.4
2,26,89.4
2,26,89.4
2,26,89.4
2,26,89.4
2,26,89.4
2,26,89.5
2,26,89.6
2,26,89.7
2,26,89.7
2,26,89.6
2,26,89.5
2,26,89.4
2,26,89.4
2,26,89.3
2,26,89.4
2,26,89.5
2,26,89.5
2,26,89.5
2,26,89.6
2,26,89.6
2,26,89.7
2,27,89.7
2,27,89.7
2,27,89.7
2,27,89.6
2,27,89.5
2,27,89.5
2,27,89.5
2,27,89.5
2,27,89.6
2,27,89.7
2,27,89.7
2,27,89.7
2,27,89.7
2,27,89.6
2,27,89.5
2,27,89.4
2,27,89.3
2,27,89.3
2,27,89.4
2,27,89.5
2,27,89.5
2,27,89.6
2,27,89.7
2,27,89.7
2,28,89.7
2,28,89.6
2,28,89.6
2,28,89.6
2,28,89.6
2,28,89.6
2,28,89.6
2,28,89.7
2,28,89.8
2,28,89.8
2,28,89.8
2,28,89.8
2,28,89.8
2,28,89.7
2,28,89.7
2,28,89.6
2,28,89.5
2,28,89.5
2,28,89.5
2,28,89.6
2,28,89.7
2,28,89.7
2,28,89.8
2,28,89.8
3,1,89.8
3,1,89.8
3,1,89.8
3,1,89.7
3,1,89.7
3,1,89.7
3,1,89.8
3,1,89.8
3,1,89.9
3,1,90
3,1,90
3,1,90
3,1,89.9
3,1,89.8
3,1,89.7
3,1,89.7
3,1,89.6
3,1,89.6
3,1,89.6
3,1,89.7
3,1,89.8
3,1,89.8
3,1,89.8
3,1,89.8
3,2,89.8
3,2,89.8
3,2,89.7
3,2,89.7
3,2,89.7
3,2,89.7
3,2,89.8
3,2,89.9
3,2,89.9
3,2,90
3,2,90
3,2,89.9
3,2,89.9
3,2,89.8
3,2,89.7
3,2,89.7
3,2,89.6
3,2,89.5
3,2,89.4
3,2,89.5
3,2,89.6
3,2,89.6
3,2,89.7
3,2,89.7
3,3,89.7
3,3,89.7
3,3,89.6
3,3,89.6
3,3,89.6
3,3,89.6
3,3,89.6
3,3,89.7
3,3,89.7
3,3,89.7
3,3,89.8
3,3,89.8
3,3,89.7
3,3,89.6
3,3,89.5
3,3,89.4
3,3,89.4
3,3,89.4
3,3,89.3
3,3,89.4
3,3,89.5
3,3,89.6
3,3,89.7
3,3,89.7
3,4,89.7
3,4,89.6
3,4,89.6
3,4,89.5
3,4,89.5
3,4,89.6
3,4,89.6
3,4,89.6
3,4,89.7
3,4,89.8
3,4,89.8
3,4,89.8
3,4,89.8
3,4,89.7
3,4,89.6
3,4,89.5
3,4,89.5
3,4,89.5
3,4,89.5
3,4,89.6
3,4,89.8
3,4,89.7
3,4,89.8
3,4,89.9
3,5,89.9
3,5,89.8
3,5,89.7
3,5,89.7
3,5,89.7
3,5,89.8
3,5,89.8
3,5,89.8
3,5,89.8
3,5,89.9
3,5,89.9
3,5,89.9
3,5,89.9
3,5,89.7
3,5,89.7
3,5,89.6
3,5,89.6
3,5,89.6
3,5,89.6
3,5,89.6
3,5,89.7
3,5,89.7
3,5,89.7
3,5,89.7
3,6,89.7
3,6,89.6
3,6,89.6
3,6,89.5
3,6,89.5
3,6,89.5
3,6,89.5
3,6,89.6
3,6,89.6
3,6,89.7
3,6,89.6
3,6,89.6
3,6,89.5
3,6,89.4
3,6,89.3
3,6,89.3
3,6,89.2
3,6,89.2
3,6,89.2
3,6,89.4
3,6,89.3
3,6,89.4
3,6,89.4
3,6,89.5
3,7,89.4
3,7,89.4
3,7,89.3
3,7,89.3
3,7,89.3
3,7,89.3
3,7,89.3
3,7,89.4
3,7,89.4
3,7,89.4
3,7,89.5
3,7,89.5
3,7,89.4
3,7,89.4
3,7,89.3
3,7,89.2
3,7,89.1
3,7,89.1
3,7,89.1
3,7,89.2
3,7,89.3
3,7,89.4
3,7,89.5
3,7,89.6
3,8,89.5
3,8,89.5
3,8,89.4
3,8,89.4
3,8,89.4
3,8,89.4
3,8,89.4
3,8,89.4
3,8,89.5
3,8,89.6
3,8,89.7
3,8,89.7
3,8,89.6
3,8,89.6
3,8,89.5
3,8,89.4
3,8,89.3
3,8,89.3
3,8,89.4
3,8,89.5
3,8,89.6
3,8,89.6
3,8,89.7
3,8,89.7
3,9,89.7
3,9,89.7
3,9,89.6
3,9,89.6
3,9,89.5
3,9,89.5
3,9,89.6
3,9,89.6
3,9,89.7
3,9,89.8
3,9,89.8
3,9,89.8
3,9,89.8
3,9,89.8
3,9,89.7
3,9,89.6
3,9,89.6
3,9,89.5
3,9,89.5
3,9,89.5
3,9,89.5
3,9,89.6
3,9,89.7
3,9,89.6
3,10,89.6
3,10,89.6
3,10,89.6
3,10,89.6
3,10,89.5
3,10,89.6
3,10,89.6
3,10,89.6
3,10,89.7
3,10,89.7
3,10,89.7
3,10,89.6
3,10,89.6
3,10,89.5
3,10,89.4
3,10,89.3
3,10,89.2
3,10,89.3
3,10,89.3
3,10,89.3
3,10,89.4
3,10,89.5
3,10,89.5
3,10,89.5
3,11,89.5
3,11,89.4
3,11,89.4
3,11,89.3
3,11,89.3
3,11,89.3
3,11,89.3
3,11,89.4
3,11,89.4
3,11,89.5
3,11,89.5
3,11,89.5
3,11,89.5
3,11,89.4
3,11,89.3
3,11,89.3
3,11,89.2
3,11,89.2
3,11,89.3
3,11,89.4
3,11,89.4
3,11,89.4
3,11,89.4
3,11,89.4
3,12,89.4
3,12,89.4
3,12,89.4
3,12,89.3
3,12,89.3
3,12,89.3
3,12,89.3
3,12,89.4
3,12,89.5
3,12,89.5
3,12,89.6
3,12,89.6
3,12,89.5
3,12,89.4
3,12,89.3
3,12,89.3
3,12,89.3
3,12,89.3
3,12,89.3
3,12,89.4
3,12,89.4
3,12,89.5
3,12,89.6
3,12,89.6
3,13,89.6
3,13,89.6
3,13,89.5
3,13,89.5
3,13,89.5
3,13,89.5
3,13,89.5
3,13,89.6
3,13,89.7
3,13,89.7
3,13,89.8
3,13,89.8
3,13,89.7
3,13,89.6
3,13,89.5
3,13,89.4
3,13,89.4
3,13,89.4
3,13,89.4
3,13,89.5
3,13,89.6
3,13,89.6
3,13,89.7
3,13,89.7
3,14,89.7
3,14,89.6
3,14,89.6
3,14,89.5
3,14,89.5
3,14,89.5
3,14,89.5
3,14,89.5
3,14,89.6
3,14,89.7
3,14,89.7
3,14,89.7
3,14,89.6
3,14,89.5
3,14,89.4
3,14,89.3
3,14,89.3
3,14,89.3
3,14,89.4
3,14,89.5
3,14,89.5
3,14,89.6
3,14,89.6
3,14,89.6
3,15,89.6
3,15,89.5
3,15,89.5
3,15,89.4
3,15,89.4
3,15,89.4
3,15,89.4
3,15,89.5
3,15,89.6
3,15,89.6
3,15,89.6
3,15,89.6
3,15,89.6
3,15,89.4
3,15,89.4
3,15,89.4
3,15,89.4
3,15,89.3
3,15,89.3
3,15,89.4
3,15,89.5
3,15,89.5
3,15,89.6
3,15,89.6
3,16,89.6
3,16,89.6
3,16,89.5
3,16,89.5
3,16,89.5
3,16,89.5
3,16,89.5
3,16,89.5
3,16,89.7
3,16,89.7
3,16,89.8
3,16,89.8
3,16,89.8
3,16,89.7
3,16,89.6
3,16,89.6
3,16,89.5
3,16,89.6
3,16,89.6
3,16,89.7
3,16,89.7
3,16,89.8
3,16,89.9
3,16,89.9
3,17,89.9
3,17,89.8
3,17,89.8
3,17,89.8
3,17,89.7
3,17,89.7
3,17,89.8
3,17,89.9
3,17,89.9
3,17,90
3,17,90
3,17,89.9
3,17,89.9
3,17,89.8
3,17,89.7
3,17,89.7
3,17,89.6
3,17,89.6
3,17,89.7
3,17,89.7
3,17,89.8
3,17,89.9
3,17,89.9
3,17,89.9
3,18,89.9
3,18,89.9
3,18,89.8
3,18,89.8
3,18,89.8
3,18,89.8
3,18,89.8
3,18,89.8
3,18,89.9
3,18,89.9
3,18,89.9
3,18,89.9
3,18,89.8
3,18,89.8
3,18,89.7
3,18,89.6
3,18,89.5
3,18,89.5
3,18,89.5
3,18,89.6
3,18,89.6
3,18,89.7
3,18,89.8
3,18,89.8
3,19,89.7
3,19,89.7
3,19,89.6
3,19,89.6
3,19,89.6
3,19,89.6
3,19,89.6
3,19,89.7
3,19,89.7
3,19,89.8
3,19,89.8
3,19,89.8
3,19,89.8
3,19,89.7
3,19,89.6
3,19,89.5
3,19,89.5
3,19,89.4
3,19,89.5
3,19,89.5
3,19,89.5
3,19,89.6
3,19,89.7
3,19,89.7
3,20,89.7
3,20,89.7
3,20,89.7
3,20,89.7
3,20,89.6
3,20,89.6
3,20,89.7
3,20,89.7
3,20,89.7
3,20,89.8
3,20,89.8
3,20,89.8
3,20,89.7
3,20,89.6
3,20,89.5
3,20,89.5
3,20,89.4
3,20,89.4
3,20,89.4
3,20,89.6
3,20,89.6
3,20,89.7
3,20,89.8
3,20,89.8
3,21,89.7
3,21,89.7
3,21,89.6
3,21,89.6
3,21,89.6
3,21,89.6
3,21,89.6
3,21,89.7
3,21,89.7
3,21,89.7
3,21,89.8
3,21,89.7
3,21,89.7
3,21,89.6
3,21,89.5
3,21,89.4
3,21,89.4
3,21,89.4
3,21,89.5
3,21,89.6
3,21,89.6
3,21,89.7
3,21,89.8
3,21,89.7
3,22,89.7
3,22,89.6
3,22,89.6
3,22,89.6
3,22,89.6
3,22,89.6
3,22,89.7
3,22,89.8
3,22,89.9
3,22,90
3,22,90
3,22,90
3,22,89.9
3,22,89.7
3,22,89.6
3,22,89.5
3,22,89.5
3,22,89.5
3,22,89.5
3,22,89.5
3,22,89.6
3,22,89.6
3,22,89.7
3,22,89.7
3,23,89.6
3,23,89.6
3,23,89.5
3,23,89.6
3,23,89.5
3,23,89.7
3,23,89.7
3,23,89.7
3,23,89.8
3,23,89.8
3,23,89.9
3,23,89.8
3,23,89.8
3,23,89.7
3,23,89.6
3,23,89.5
3,23,89.4
3,23,89.4
3,23,89.5
3,23,89.5
3,23,89.5
3,23,89.6
3,23,89.7
3,23,89.7
3,24,89.7
3,24,89.7
3,24,89.7
3,24,89.7
3,24,89.7
3,24,89.6
3,24,89.7
3,24,89.7
3,24,89.8
3,24,89.9
3,24,89.9
3,24,89.9
3,24,89.9
3,24,89.8
3,24,89.8
3,24,89.7
3,24,89.6
3,24,89.5
3,24,89.5
3,24,89.5
3,24,89.7
3,24,89.7
3,24,89.8
3,24,89.9
3,25,89.9
3,25,89.9
3,25,89.8
3,25,89.8
3,25,89.8
3,25,89.8
3,25,89.8
3,25,89.9
3,25,89.9
3,25,89.9
3,25,90
3,25,89.9
3,25,89.9
3,25,89.8
3,25,89.7
3,25,89.7
3,25,89.7
3,25,89.7
3,25,89.7
3,25,89.7
3,25,89.8
3,25,89.8
3,25,89.9
3,25,89.9
3,26,89.9
3,26,89.9
3,26,89.8
3,26,89.8
3,26,89.8
3,26,89.8
3,26,89.9
3,26,90
3,26,90
3,26,90.1
3,26,90.1
3,26,90.1
3,26,90
3,26,89.9
3,26,89.9
3,26,89.8
3,26,89.8
3,26,89.7
3,26,89.7
3,26,89.8
3,26,89.8
3,26,89.8
3,26,89.9
3,26,89.9
3,27,89.9
3,27,89.9
3,27,89.8
3,27,89.8
3,27,89.8
3,27,89.8
3,27,89.8
3,27,89.9
3,27,90
3,27,90
3,27,90.1
3,27,90
3,27,90
3,27,89.9
3,27,89.8
3,27,89.7
3,27,89.7
3,27,89.7
3,27,89.7
3,27,89.7
3,27,89.7
3,27,89.8
3,27,89.8
3,27,89.8
3,28,89.8
3,28,89.8
3,28,89.7
3,28,89.7
3,28,89.7
3,28,89.7
3,28,89.8
3,28,89.9
3,28,89.9
3,28,90
3,28,90
3,28,90
3,28,89.9
3,28,89.9
3,28,89.8
3,28,89.7
3,28,89.6
3,28,89.6
3,28,89.6
3,28,89.7
3,28,89.8
3,28,89.8
3,28,89.9
3,28,89.9
3,29,89.9
3,29,89.9
3,29,89.8
3,29,89.8
3,29,89.8
3,29,89.8
3,29,89.9
3,29,89.9
3,29,90
3,29,90
3,29,90.1
3,29,90.1
3,29,90
3,29,89.9
3,29,89.8
3,29,89.8
3,29,89.7
3,29,89.7
3,29,89.7
3,29,89.8
3,29,89.9
3,29,89.9
3,29,89.9
3,29,89.9
3,30,89.9
3,30,89.9
3,30,89.9
3,30,89.8
3,30,89.8
3,30,89.8
3,30,89.8
3,30,89.9
3,30,89.9
3,30,90
3,30,90
3,30,89.9
3,30,89.9
3,30,89.8
3,30,89.7
3,30,89.6
3,30,89.6
3,30,89.6
3,30,89.6
3,30,89.6
3,30,89.6
3,30,89.7
3,30,89.7
3,30,89.7
3,31,89.7
3,31,89.7
3,31,89.7
3,31,89.6
3,31,89.6
3,31,89.6
3,31,89.6
3,31,89.7
3,31,89.7
3,31,89.8
3,31,89.8
3,31,89.8
3,31,89.7
3,31,89.7
3,31,89.5
3,31,89.5
3,31,89.4
3,31,89.4
3,31,89.4
3,31,89.5
3,31,89.6
3,31,89.6
3,31,89.7
3,31,89.7
4,1,89.7
4,1,89.7
4,1,89.6
4,1,89.6
4,1,89.6
4,1,89.6
4,1,89.6
4,1,89.7
4,1,89.7
4,1,89.7
4,1,89.8
4,1,89.8
4,1,89.7
4,1,89.6
4,1,89.5
4,1,89.4
4,1,89.3
4,1,89.4
4,1,89.5
4,1,89.5
4,1,89.5
4,1,89.6
4,1,89.7
4,1,89.8
4,2,89.8
4,2,89.8
4,2,89.7
4,2,89.7
4,2,89.7
4,2,89.7
4,2,89.7
4,2,89.7
4,2,89.8
4,2,89.9
4,2,89.9
4,2,89.9
4,2,89.9
4,2,89.8
4,2,89.7
4,2,89.7
4,2,89.7
4,2,89.6
4,2,89.7
4,2,89.7
4,2,89.8
4,2,89.9
4,2,89.9
4,2,90
4,3,89.9
4,3,89.9
4,3,89.8
4,3,89.8
4,3,89.7
4,3,89.7
4,3,89.8
4,3,89.8
4,3,89.9
4,3,90
4,3,90
4,3,90
4,3,89.9
4,3,89.8
4,3,89.8
4,3,89.7
4,3,89.7
4,3,89.7
4,3,89.7
4,3,89.7
4,3,89.8
4,3,89.8
4,3,89.9
4,3,89.9
4,4,89.9
4,4,89.9
4,4,89.8
4,4,89.8
4,4,89.8
4,4,89.8
4,4,89.8
4,4,89.9
4,4,90
4,4,90
4,4,90
4,4,90
4,4,90
4,4,89.9
4,4,89.8
4,4,89.7
4,4,89.7
4,4,89.7
4,4,89.8
4,4,89.8
4,4,89.9
4,4,90
4,4,90
4,4,90
4,5,89.9
4,5,89.9
4,5,89.9
4,5,89.9
4,5,89.8
4,5,89.8
4,5,89.9
4,5,89.9
4,5,89.9
4,5,90
4,5,90
4,5,90
4,5,90
4,5,89.9
4,5,89.9
4,5,89.8
4,5,89.8
4,5,89.7
4,5,89.7
4,5,89.8
4,5,89.8
4,5,89.9
4,5,89.9
4,5,90
4,6,90
4,6,89.9
4,6,89.9
4,6,89.8
4,6,89.8
4,6,89.8
4,6,89.9
4,6,89.9
4,6,90
4,6,90
4,6,90.1
4,6,90.1
4,6,90
4,6,89.9
4,6,89.9
4,6,89.8
4,6,89.8
4,6,89.7
4,6,89.7
4,6,89.7
4,6,89.8
4,6,89.8
4,6,89.9
4,6,89.9
4,7,90
4,7,89.9
4,7,89.9
4,7,89.9
4,7,89.8
4,7,89.8
4,7,89.8
4,7,89.9
4,7,89.9
4,7,89.9
4,7,89.9
4,7,90
4,7,90
4,7,89.9
4,7,89.8
4,7,89.6
4,7,89.5
4,7,89.5
4,7,89.6
4,7,89.6
4,7,89.6
4,7,89.7
4,7,89.7
4,7,89.7
4,8,89.7
4,8,89.7
4,8,89.7
4,8,89.6
4,8,89.6
4,8,89.6
4,8,89.7
4,8,89.8
4,8,89.8
4,8,89.9
4,8,89.9
4,8,89.9
4,8,89.8
4,8,89.8
4,8,89.7
4,8,89.6
4,8,89.6
4,8,89.6
4,8,89.6
4,8,89.6
4,8,89.6
4,8,89.7
4,8,89.7
4,8,89.7
4,9,89.8
4,9,89.8
4,9,89.7
4,9,89.7
4,9,89.7
4,9,89.7
4,9,89.7
4,9,89.8
4,9,89.9
4,9,89.9
4,9,89.9
4,9,89.9
4,9,89.8
4,9,89.7
4,9,89.6
4,9,89.6
4,9,89.5
4,9,89.5
4,9,89.5
4,9,89.6
4,9,89.6
4,9,89.7
4,9,89.7
4,9,89.7
4,10,89.7
4,10,89.7
4,10,89.6
4,10,89.6
4,10,89.6
4,10,89.6
4,10,89.7
4,10,89.7
4,10,89.8
4,10,89.8
4,10,89.8
4,10,89.8
4,10,89.8
4,10,89.7
4,10,89.7
4,10,89.6
4,10,89.6
4,10,89.6
4,10,89.7
4,10,89.7
4,10,89.7
4,10,89.8
4,10,89.8
4,10,89.8
4,11,89.8
4,11,89.8
4,11,89.7
4,11,89.7
4,11,89.7
4,11,89.7
4,11,89.8
4,11,89.8
4,11,89.9
4,11,90
4,11,90
4,11,89.9
4,11,89.9
4,11,89.8
4,11,89.8
4,11,89.7
4,11,89.7
4,11,89.7
4,11,89.7
4,11,89.7
4,11,89.8
4,11,89.8
4,11,89.8
4,11,89.8
4,12,89.8
4,12,89.7
4,12,89.7
4,12,89.7
4,12,89.7
4,12,89.7
4,12,89.7
4,12,89.8
4,12,89.8
4,12,89.9
4,12,89.9
4,12,89.9
4,12,89.9
4,12,89.7
4,12,89.7
4,12,89.6
4,12,89.6
4,12,89.6
4,12,89.6
4,12,89.6
4,12,89.7
4,12,89.7
4,12,89.8
4,12,89.8
4,13,89.8
4,13,89.7
4,13,89.7
4,13,89.7
4,13,89.7
4,13,89.7
4,13,89.8
4,13,89.8
4,13,89.9
4,13,89.9
4,13,89.9
4,13,89.9
4,13,89.8
4,13,89.7
4,13,89.7
4,13,89.6
4,13,89.5
4,13,89.5
4,13,89.5
4,13,89.5
4,13,89.6
4,13,89.7
4,13,89.7
4,13,89.8
4,14,89.8
4,14,89.7
4,14,89.7
4,14,89.7
4,14,89.6
4,14,89.7
4,14,89.7
4,14,89.7
4,14,89.8
4,14,89.8
4,14,89.8
4,14,89.8
4,14,89.8
4,14,89.7
4,14,89.6
4,14,89.6
4,14,89.6
4,14,89.5
4,14,89.6
4,14,89.6
4,14,89.6
4,14,89.7
4,14,89.7
4,14,89.7
4,15,89.7
4,15,89.7
4,15,89.7
4,15,89.7
4,15,89.7
4,15,89.7
4,15,89.7
4,15,89.8
4,15,89.9
4,15,89.9
4,15,89.9
4,15,89.9
4,15,89.8
4,15,89.8
4,15,89.7
4,15,89.6
4,15,89.5
4,15,89.5
4,15,89.5
4,15,89.6
4,15,89.6
4,15,89.7
4,15,89.8
4,15,89.8
4,16,89.8
4,16,89.8
4,16,89.8
4,16,89.7
4,16,89.7
4,16,89.7
4,16,89.8
4,16,89.8
4,16,89.9
4,16,89.9
4,16,89.9
4,16,89.9
4,16,89.8
4,16,89.8
4,16,89.7
4,16,89.6
4,16,89.5
4,16,89.5
4,16,89.6
4,16,89.6
4,16,89.6
4,16,89.7
4,16,89.8
4,16,89.8
4,17,89.7
4,17,89.7
4,17,89.7
4,17,89.6
4,17,89.6
4,17,89.6
4,17,89.6
4,17,89.7
4,17,89.9
4,17,89.9
4,17,90
4,17,89.9
4,17,89.9
4,17,89.8
4,17,89.7
4,17,89.6
4,17,89.6
4,17,89.6
4,17,89.6
4,17,89.7
4,17,89.8
4,17,89.8
4,17,89.9
4,17,89.9
4,18,89.9
4,18,89.8
4,18,89.8
4,18,89.7
4,18,89.8
4,18,89.8
4,18,89.8
4,18,89.8
4,18,89.8
4,18,89.9
4,18,89.9
4,18,89.9
4,18,89.8
4,18,89.8
4,18,89.7
4,18,89.7
4,18,89.6
4,18,89.6
4,18,89.6
4,18,89.7
4,18,89.7
4,18,89.7
4,18,89.8
4,18,89.8
4,19,89.8
4,19,89.7
4,19,89.7
4,19,89.7
4,19,89.7
4,19,89.7
4,19,89.7
4,19,89.8
4,19,89.8
4,19,89.9
4,19,89.9
4,19,89.9
4,19,89.8
4,19,89.8
4,19,89.7
4,19,89.6
4,19,89.6
4,19,89.6
4,19,89.6
4,19,89.6
4,19,89.7
4,19,89.7
4,19,89.8
4,19,89.8
4,20,89.8
4,20,89.7
4,20,89.7
4,20,89.7
4,20,89.6
4,20,89.6
4,20,89.6
4,20,89.7
4,20,89.7
4,20,89.7
4,20,89.8
4,20,89.7
4,20,89.7
4,20,89.6
4,20,89.5
4,20,89.4
4,20,89.4
4,20,89.4
4,20,89.4
4,20,89.4
4,20,89.5
4,20,89.6
4,20,89.6
4,20,89.6
4,21,89.6
4,21,89.6
4,21,89.5
4,21,89.5
4,21,89.4
4,21,89.4
4,21,89.5
4,21,89.6
4,21,89.6
4,21,89.6
4,21,89.7
4,21,89.6
4,21,89.6
4,21,89.4
4,21,89.4
4,21,89.3
4,21,89.2
4,21,89.2
4,21,89.3
4,21,89.3
4,21,89.4
4,21,89.5
4,21,89.5
4,21,89.5
4,22,89.5
4,22,89.5
4,22,89.5
4,22,89.5
4,22,89.5
4,22,89.5
4,22,89.5
4,22,89.6
4,22,89.6
4,22,89.6
4,22,89.6
4,22,89.6
4,22,89.6
4,22,89.5
4,22,89.4
4,22,89.4
4,22,89.3
4,22,89.3
4,22,89.4
4,22,89.4
4,22,89.5
4,22,89.6
4,22,89.6
4,22,89.6
4,23,89.7
4,23,89.7
4,23,89.6
4,23,89.6
4,23,89.6
4,23,89.6
4,23,89.6
4,23,89.7
4,23,89.7
4,23,89.7
4,23,89.8
4,23,89.8
4,23,89.7
4,23,89.6
4,23,89.6
4,23,89.5
4,23,89.5
4,23,89.5
4,23,89.5
4,23,89.6
4,23,89.6
4,23,89.7
4,23,89.7
4,23,89.8
4,24,89.8
4,24,89.8
4,24,89.7
4,24,89.7
4,24,89.7
4,24,89.7
4,24,89.8
4,24,89.8
4,24,89.8
4,24,89.9
4,24,89.9
4,24,89.9
4,24,89.8
4,24,89.8
4,24,89.7
4,24,89.6
4,24,89.6
4,24,89.6
4,24,89.6
4,24,89.7
4,24,89.7
4,24,89.8
4,24,89.8
4,24,89.8
4,25,89.8
4,25,89.8
4,25,89.8
4,25,89.7
4,25,89.7
4,25,89.7
4,25,89.8
4,25,89.8
4,25,89.9
4,25,90
4,25,90
4,25,90
4,25,90
4,25,89.9
4,25,89.8
4,25,89.7
4,25,89.7
4,25,89.7
4,25,89.8
4,25,89.8
4,25,89.8
4,25,89.9
4,25,89.9
4,25,89.9
4,26,89.9
4,26,89.9
4,26,89.9
4,26,89.8
4,26,89.8
4,26,89.8
4,26,89.8
4,26,89.9
4,26,89.9
4,26,90
4,26,90
4,26,89.9
4,26,89.9
4,26,89.8
4,26,89.7
4,26,89.6
4,26,89.6
4,26,89.6
4,26,89.7
4,26,89.7
4,26,89.8
4,26,89.8
4,26,89.9
4,26,89.8
4,27,89.8
4,27,89.7
4,27,89.6
4,27,89.6
4,27,89.6
4,27,89.6
4,27,89.7
4,27,89.8
4,27,89.8
4,27,89.8
4,27,89.9
4,27,89.9
4,27,89.8
4,27,89.6
4,27,89.6
4,27,89.6
4,27,89.6
4,27,89.6
4,27,89.6
4,27,89.7
4,27,89.8
4,27,89.8
4,27,89.8
4,27,89.8
4,28,89.8
4,28,89.8
4,28,89.7
4,28,89.7
4,28,89.7
4,28,89.7
4,28,89.7
4,28,89.7
4,28,89.8
4,28,89.8
4,28,89.9
4,28,89.8
4,28,89.8
4,28,89.6
4,28,89.5
4,28,89.5
4,28,89.5
4,28,89.4
4,28,89.5
4,28,89.5
4,28,89.6
4,28,89.6
4,28,89.7
4,28,89.7
4,29,89.7
4,29,89.7
4,29,89.7
4,29,89.7
4,29,89.6
4,29,89.6
4,29,89.6
4,29,89.7
4,29,89.7
4,29,89.8
4,29,89.8
4,29,89.8
4,29,89.8
4,29,89.6
4,29,89.5
4,29,89.5
4,29,89.4
4,29,89.5
4,29,89.6
4,29,89.6
4,29,89.7
4,29,89.8
4,29,89.8
4,29,89.8
4,30,89.9
4,30,89.8
4,30,89.8
4,30,89.8
4,30,89.8
4,30,89.8
4,30,89.9
4,30,89.9
4,30,89.9
4,30,89
4,30,89.9
4,30,89.9
4,30,89.9
4,30,89.8
4,30,89.7
4,30,89.6
4,30,89.6
4,30,89.6
4,30,89.6
4,30,89.6
4,30,89.7
4,30,89.7
4,30,89.8
4,30,89.7
5,1,89.7
5,1,89.7
5,1,89.7
5,1,89.6
5,1,89.6
5,1,89.6
5,1,89.7
5,1,89.8
5,1,89.8
5,1,89.8
5,1,89.9
5,1,89.8
5,1,89.7
5,1,89.7
5,1,89.6
5,1,89.5
5,1,89.5
5,1,89.5
5,1,89.6
5,1,89.6
5,1,89.6
5,1,89.7
5,1,89.7
5,1,89.7
5,2,89.7
5,2,89.7
5,2,89.6
5,2,89.6
5,2,89.6
5,2,89.5
5,2,89.5
5,2,89.6
5,2,89.7
5,2,89.8
5,2,89.8
5,2,89.8
5,2,89.7
5,2,89.6
5,2,89.5
5,2,89.4
5,2,89.4
5,2,89.4
5,2,89.4
5,2,89.4
5,2,89.5
5,2,89.6
5,2,89.7
5,2,89.7
5,3,89.7
5,3,89.7
5,3,89.7
5,3,89.6
5,3,89.6
5,3,89.6
5,3,89.7
5,3,89.7
5,3,89.8
5,3,89.9
5,3,89.9
5,3,89.9
5,3,89.8
5,3,89.8
5,3,89.7
5,3,89.6
5,3,89.6
5,3,89.7
5,3,89.7
5,3,89.7
5,3,89.8
5,3,89.9
5,3,89.9
5,3,89.8
5,4,89.8
5,4,89.7
5,4,89.7
5,4,89.7
5,4,89.7
5,4,89.7
5,4,89.8
5,4,89.8
5,4,89.9
5,4,89.9
5,4,90
5,4,90
5,4,89.9
5,4,89.8
5,4,89.8
5,4,89.7
5,4,89.7
5,4,89.7
5,4,89.7
5,4,89.8
5,4,89.8
5,4,89.9
5,4,89.9
5,4,89.9
5,5,89.9
5,5,89.9
5,5,89.8
5,5,89.8
5,5,89.7
5,5,89.7
5,5,89.7
5,5,89.8
5,5,89.8
5,5,89.8
5,5,89.9
5,5,89.9
5,5,89.8
5,5,89.7
5,5,89.6
5,5,89.6
5,5,89.5
5,5,89.6
5,5,89.6
5,5,89.6
5,5,89.7
5,5,89.7
5,5,89.7
5,5,89.7
5,6,89.7
5,6,89.7
5,6,89.7
5,6,89.7
5,6,89.7
5,6,89.7
5,6,89.7
5,6,89.7
5,6,89.8
5,6,89.8
5,6,89.8
5,6,89.8
5,6,89.7
5,6,89.6
5,6,89.6
5,6,89.5
5,6,89.5
5,6,89.6
5,6,89.6
5,6,89.6
5,6,89.7
5,6,89.7
5,6,89.8
5,6,89.8
5,7,89.9
5,7,89.9
5,7,89.9
5,7,89.8
5,7,89.8
5,7,89.8
5,7,89.9
5,7,89.9
5,7,90
5,7,90
5,7,90
5,7,90
5,7,89.9
5,7,89.8
5,7,89.8
5,7,89.7
5,7,89.7
5,7,89.7
5,7,89.8
5,7,89.8
5,7,89.9
5,7,89.9
5,7,90
5,7,90
5,8,90
5,8,89.9
5,8,89.9
5,8,89.9
5,8,89.8
5,8,89.8
5,8,89.8
5,8,89.9
5,8,90
5,8,90
5,8,90.1
5,8,90.1
5,8,90
5,8,90
5,8,89.9
5,8,89.9
5,8,89.8
5,8,89.9
5,8,89.9
5,8,89.9
5,8,89.9
5,8,90
5,8,90
5,8,90.1
5,9,90.1
5,9,90.1
5,9,90
5,9,90
5,9,90
5,9,90
5,9,90
5,9,90.1
5,9,90.1
5,9,90.2
5,9,90.2
5,9,90.2
5,9,90.1
5,9,90
5,9,89.9
5,9,89.9
5,9,89.9
5,9,89.9
5,9,90
5,9,90
5,9,90
5,9,90.1
5,9,90.1
5,9,90.1
5,10,90.1
5,10,90.1
5,10,90
5,10,90
5,10,90
5,10,90.1
5,10,90.1
5,10,90.2
5,10,90.2
5,10,90.3
5,10,90.3
5,10,90.3
5,10,90.3
5,10,90.2
5,10,90.1
5,10,90.1
5,10,90.1
5,10,90.1
5,10,90.2
5,10,90.2
5,10,90.2
5,10,90.3
5,10,90.2
5,10,90.2
5,11,90.2
5,11,90.2
5,11,90.2
5,11,90.2
5,11,90.1
5,11,90.1
5,11,90.2
5,11,90.2
5,11,90.2
5,11,90.3
5,11,90.3
5,11,90.3
5,11,90.3
5,11,90.2
5,11,90.1
5,11,90.1
5,11,90.1
5,11,90.1
5,11,90.1
5,11,90.1
5,11,90.2
5,11,90.3
5,11,90.3
5,11,90.2
5,12,90.2
5,12,90.2
5,12,90.1
5,12,90.1
5,12,90.1
5,12,90.1
5,12,90.2
5,12,90.2
5,12,90.3
5,12,90.3
5,12,90.3
5,12,90.3
5,12,90.2
5,12,90.1
5,12,90
5,12,89.9
5,12,89.9
5,12,89.9
5,12,90
5,12,90
5,12,90.1
5,12,90.2
5,12,90.2
5,12,90.2
5,13,90.1
5,13,90.1
5,13,90.1
5,13,89.9
5,13,89.9
5,13,89.9
5,13,89.9
5,13,90
5,13,90.1
5,13,90.1
5,13,90.1
5,13,90.1
5,13,90
5,13,90
5,13,89.8
5,13,89.8
5,13,89.8
5,13,89.8
5,13,89.8
5,13,89.9
5,13,89.9
5,13,90
5,13,90
5,13,90
5,14,90
5,14,89.9
5,14,89.9
5,14,89.8
5,14,89.8
5,14,89.8
5,14,89.9
5,14,89.9
5,14,90
5,14,90
5,14,90
5,14,90
5,14,89.9
5,14,89.8
5,14,89.8
5,14,89.7
5,14,89.7
5,14,89.8
5,14,89.8
5,14,89.8
5,14,89.9
5,14,89.9
5,14,90
5,14,90
5,15,90
5,15,89.9
5,15,89.9
5,15,89.9
5,15,89.9
5,15,89.9
5,15,89.9
5,15,89.9
5,15,90
5,15,90.1
5,15,90.1
5,15,90
5,15,90
5,15,89.9
5,15,89.8
5,15,89.7
5,15,89.7
5,15,89.7
5,15,89.7
5,15,89.8
5,15,89.8
5,15,89.9
5,15,89.9
5,15,89.9
5,16,89.9
5,16,89.9
5,16,89.9
5,16,89.8
5,16,89.9
5,16,89.9
5,16,89.9
5,16,90
5,16,90
5,16,90
5,16,90
5,16,90
5,16,89.9
5,16,89.8
5,16,89.8
5,16,89.7
5,16,89.7
5,16,89.7
5,16,89.7
5,16,89.8
5,16,89.9
5,16,89.9
5,16,89.9
5,16,89.9
5,17,89.9
5,17,89.9
5,17,89.9
5,17,89.8
5,17,89.8
5,17,89.8
5,17,89.8
5,17,89.9
5,17,90
5,17,90
5,17,90
5,17,90
5,17,89.9
5,17,89.8
5,17,89.8
5,17,89.7
5,17,89.7
5,17,89.7
5,17,89.7
5,17,89.8
5,17,89.8
5,17,89.9
5,17,89.9
5,17,89.9
5,18,90
5,18,89.9
5,18,89.9
5,18,89.9
5,18,89.9
5,18,89.9
5,18,89.9
5,18,90
5,18,90.1
5,18,90.2
5,18,90.2
5,18,90.1
5,18,90.1
5,18,90
5,18,89.9
5,18,89.8
5,18,89.8
5,18,89.8
5,18,89.9
5,18,89.9
5,18,89.9
5,18,90
5,18,90
5,18,90
5,19,90
5,19,89.9
5,19,89.9
5,19,89.9
5,19,89.9
5,19,89.9
5,19,89.9
5,19,90
5,19,90.1
5,19,90.1
5,19,90.1
5,19,90.1
5,19,90
5,19,90
5,19,89.9
5,19,89.8
5,19,89.8
5,19,89.8
5,19,89.9
5,19,89.9
5,19,90
5,19,90
5,19,90.1
5,19,90.1
5,20,90
5,20,90
5,20,89.9
5,20,89.9
5,20,89.9
5,20,89.9
5,20,89.9
5,20,89.9
5,20,90
5,20,90.1
5,20,90.1
5,20,90.1
5,20,90
5,20,90
5,20,89.8
5,20,89.8
5,20,89.8
5,20,89.8
5,20,89.9
5,20,89.9
5,20,90
5,20,90
5,20,90.1
5,20,90.1
5,21,90.1
5,21,90
5,21,90
5,21,90
5,21,89.9
5,21,89.9
5,21,89.9
5,21,90
5,21,90.2
5,21,90.1
5,21,90.1
5,21,90
5,21,90
5,21,89.9
5,21,89.9
5,21,89.9
5,21,89.8
5,21,89.8
5,21,89.9
5,21,90
5,21,90
5,21,90
5,21,90.1
5,21,90.1
5,22,90.1
5,22,90.1
5,22,90
5,22,90
5,22,90
5,22,90
5,22,90
5,22,90.1
5,22,90.1
5,22,90.2
5,22,90.2
5,22,90.2
5,22,90.1
5,22,90
5,22,90
5,22,89.9
5,22,89.9
5,22,89.9
5,22,89.9
5,22,90
5,22,90
5,22,90
5,22,90.1
5,22,90.1
5,23,90.1
5,23,90
5,23,90
5,23,90
5,23,90
5,23,90
5,23,90
5,23,90.1
5,23,90.1
5,23,90.2
5,23,90.2
5,23,90.2
5,23,90.1
5,23,90.1
5,23,90
5,23,89.9
5,23,89.9
5,23,89.9
5,23,89.8
5,23,90
5,23,90
5,23,90
5,23,90
5,23,90
5,24,90
5,24,90
5,24,90
5,24,90
5,24,89.9
5,24,89.9
5,24,90
5,24,90
5,24,90
5,24,90.1
5,24,90.2
5,24,90.1
5,24,90.1
5,24,90
5,24,89.9
5,24,89.8
5,24,89.8
5,24,89.8
5,24,89.8
5,24,89.9
5,24,89.9
5,24,90
5,24,90.1
5,24,90
5,25,90
5,25,90
5,25,89.9
5,25,89.9
5,25,89.9
5,25,89.9
5,25,89.9
5,25,90
5,25,90
5,25,90
5,25,90
5,25,89.9
5,25,89.9
5,25,89.8
5,25,89.7
5,25,89.7
5,25,89.6
5,25,89.7
5,25,89.7
5,25,89.8
5,25,89.8
5,25,89.8
5,25,89.8
5,25,89.9
5,26,89.9
5,26,89.8
5,26,89.7
5,26,89.7
5,26,89.7
5,26,89.6
5,26,89.7
5,26,89.7
5,26,89.7
5,26,89.8
5,26,89.8
5,26,89.8
5,26,89.7
5,26,89.7
5,26,89.6
5,26,89.5
5,26,89.4
5,26,89.5
5,26,89.5
5,26,89.5
5,26,89.6
5,26,89.6
5,26,89.7
5,26,89.6
5,27,89.6
5,27,89.6
5,27,89.6
5,27,89.5
5,27,89.6
5,27,89.5
5,27,89.5
5,27,89.6
5,27,89.7
5,27,89.7
5,27,89.7
5,27,89.7
5,27,89.6
5,27,89.6
5,27,89.5
5,27,89.4
5,27,89.5
5,27,89.5
5,27,89.6
5,27,89.6
5,27,89.6
5,27,89.7
5,27,89.7
5,27,89.7
5,28,89.7
5,28,89.7
5,28,89.7
5,28,89.6
5,28,89.6
5,28,89.7
5,28,89.7
5,28,89.8
5,28,89.9
5,28,89.9
5,28,89.9
5,28,89.9
5,28,89.9
5,28,89.8
5,28,89.7
5,28,89.7
5,28,89.7
5,28,89.8
5,28,89.8
5,28,89.8
5,28,89.9
5,28,89.9
5,28,89.9
5,28,89.9
5,29,89.9
5,29,89.9
5,29,89.9
5,29,89.9
5,29,89.9
5,29,89.9
5,29,90
5,29,90
5,29,89.9
5,29,89.9
5,29,90
5,29,90
5,29,90
5,29,89.9
5,29,89.8
5,29,89.8
5,29,89.8
5,29,89.8
5,29,89.8
5,29,89.9
5,29,89.9
5,29,90
5,29,90
5,29,90.1
5,30,90.1
5,30,90.1
5,30,90
5,30,89.9
5,30,89.9
5,30,89.9
5,30,90
5,30,90
5,30,90.1
5,30,90.2
5,30,90.2
5,30,90.2
5,30,90.2
5,30,90.1
5,30,89.9
5,30,89.8
5,30,89.8
5,30,89.8
5,30,89.8
5,30,89.9
5,30,90
5,30,90
5,30,90
5,30,90.1
5,31,90.1
5,31,90.1
5,31,90
5,31,90
5,31,89.9
5,31,90
5,31,90
5,31,90
5,31,90
5,31,90.1
5,31,90.1
5,31,90.1
5,31,90
5,31,89.9
5,31,89.9
5,31,89.8
5,31,89.7
5,31,89.8
5,31,89.8
5,31,89.8
5,31,89.9
5,31,89.9
5,31,90
5,31,90
6,1,90
6,1,90
6,1,90
6,1,90
6,1,89.9
6,1,89.9
6,1,90
6,1,90
6,1,90.1
6,1,90.2
6,1,90.2
6,1,90.2
6,1,90.1
6,1,90
6,1,89.9
6,1,89.9
6,1,89.9
6,1,89.9
6,1,89.9
6,1,90
6,1,90
6,1,90.1
6,1,90.1
6,1,90.1
6,2,90.1
6,2,90.1
6,2,90.1
6,2,90.1
6,2,90.1
6,2,90.1
6,2,90.1
6,2,90.2
6,2,90.3
6,2,90.3
6,2,90.3
6,2,90.3
6,2,90.2
6,2,90.1
6,2,90.1
6,2,90
6,2,90
6,2,90
6,2,90
6,2,90.1
6,2,90.1
6,2,90.1
6,2,90.2
6,2,90.2
6,3,90.2
6,3,90.2
6,3,90.2
6,3,90.2
6,3,90.1
6,3,90.1
6,3,90.2
6,3,90.3
6,3,90.4
6,3,90.4
6,3,90.4
6,3,90.4
6,3,90.3
6,3,90.3
6,3,90.2
6,3,90.1
6,3,90
6,3,90
6,3,90.1
6,3,90.1
6,3,90.1
6,3,90.2
6,3,90.2
6,3,90.2
6,4,90.2
6,4,90.1
6,4,90.1
6,4,90
6,4,90
6,4,90
6,4,90
6,4,90
6,4,90.1
6,4,90.1
6,4,90.2
6,4,90.1
6,4,90.1
6,4,90
6,4,89.9
6,4,89.9
6,4,89.9
6,4,89.9
6,4,89.9
6,4,90
6,4,90
6,4,90
6,4,90
6,4,90
6,5,90.1
6,5,90
6,5,89.9
6,5,89.9
6,5,89.9
6,5,89.9
6,5,89.9
6,5,90
6,5,90
6,5,90.1
6,5,90.1
6,5,90.1
6,5,90
6,5,89.9
6,5,89.8
6,5,89.8
6,5,89.7
6,5,89.7
6,5,89.8
6,5,89.8
6,5,89.9
6,5,89.9
6,5,90
6,5,90
6,6,89.9
6,6,89.9
6,6,89.9
6,6,89.9
6,6,89.9
6,6,89.9
6,6,89.9
6,6,90
6,6,90
6,6,90
6,6,90
6,6,90
6,6,89.9
6,6,89.9
6,6,89.8
6,6,89.7
6,6,89.7
6,6,89.7
6,6,89.8
6,6,89.8
6,6,89.8
6,6,89.9
6,6,89.9
6,6,89.9
6,7,89.9
6,7,89.9
6,7,89.8
6,7,89.8
6,7,89.8
6,7,89.8
6,7,89.9
6,7,89.9
6,7,90
6,7,90
6,7,90
6,7,90
6,7,90
6,7,89.9
6,7,89.8
6,7,89.7
6,7,89.7
6,7,89.7
6,7,89.7
6,7,89.8
6,7,89.8
6,7,89.8
6,7,89.8
6,7,89.9
6,8,89.8
6,8,89.8
6,8,89.8
6,8,89.7
6,8,89.7
6,8,89.7
6,8,89.7
6,8,89.8
6,8,89.8
6,8,89.8
6,8,89.8
6,8,89.8
6,8,89.8
6,8,89.7
6,8,89.6
6,8,89.6
6,8,89.6
6,8,89.6
6,8,89.7
6,8,89.7
6,8,89.7
6,8,89.7
6,8,89.8
6,8,89.8
6,9,89.8
6,9,89.8
6,9,89.8
6,9,89.7
6,9,89.7
6,9,89.7
6,9,89.7
6,9,89.8
6,9,89.8
6,9,89.9
6,9,89.9
6,9,89.9
6,9,89.8
6,9,89.7
6,9,89.6
6,9,89.6
6,9,89.6
6,9,89.7
6,9,89.8
6,9,89.9
6,9,89.9
6,9,89.9
6,9,89.9
6,9,89.8
6,10,89.8
6,10,89.8
6,10,89.8
6,10,89.7
6,10,89.7
6,10,89.7
6,10,89.8
6,10,89.8
6,10,89.9
6,10,90
6,10,90
6,10,90
6,10,90
6,10,89.9
6,10,89.8
6,10,89.8
6,10,89.8
6,10,89.7
6,10,89.8
6,10,89.8
6,10,89.8
6,10,89.9
6,10,89.9
6,10,89.9
6,11,89.9
6,11,89.9
6,11,89.8
6,11,89.8
6,11,89.8
6,11,89.8
6,11,89.9
6,11,89.9
6,11,89.9
6,11,90
6,11,90
6,11,90
6,11,89.9
6,11,89.9
6,11,89.8
6,11,89.7
6,11,89.7
6,11,89.7
6,11,89.8
6,11,89.8
6,11,89.9
6,11,89.9
6,11,90
6,11,90
6,12,90
6,12,90
6,12,90
6,12,89.9
6,12,89.9
6,12,89.9
6,12,89.9
6,12,89.9
6,12,90
6,12,90.1
6,12,90.1
6,12,90
6,12,90
6,12,89.9
6,12,89.8
6,12,89.8
6,12,89.7
6,12,89.7
6,12,89.8
6,12,89.9
6,12,89.9
6,12,90
6,12,90
6,12,90
6,13,90
6,13,90
6,13,90
6,13,90
6,13,90
6,13,90
6,13,90
6,13,90
6,13,90.1
6,13,90.1
6,13,90.1
6,13,90.1
6,13,90
6,13,90
6,13,89.9
6,13,89.8
6,13,89.8
6,13,89.8
6,13,89.8
6,13,89.9
6,13,89.9
6,13,90
6,13,90
6,13,90
6,14,90
6,14,90
6,14,89.9
6,14,89.9
6,14,89.9
6,14,89.9
6,14,89.9
6,14,90
6,14,90
6,14,90
6,14,90.1
6,14,90
6,14,90
6,14,89.9
6,14,89.8
6,14,89.8
6,14,89.7
6,14,89.8
6,14,89.8
6,14,89.9
6,14,89.9
6,14,90
6,14,90
6,14,90
6,15,90
6,15,89.9
6,15,89.9
6,15,89.9
6,15,89.8
6,15,89.9
6,15,89.9
6,15,89.9
6,15,90
6,15,90
6,15,90
6,15,90
6,15,89.9
6,15,89.9
6,15,89.8
6,15,89.8
6,15,89.8
6,15,89.8
6,15,89.9
6,15,89.9
6,15,90
6,15,90
6,15,90.1
6,15,90.1
6,16,90.1
6,16,90.1
6,16,90.1
6,16,90
6,16,89.9
6,16,90
6,16,90
6,16,90.1
6,16,90.1
6,16,90.2
6,16,90.2
6,16,90.2
6,16,90.1
6,16,90
6,16,90
6,16,90
6,16,89.9
6,16,89.9
6,16,90
6,16,90.1
6,16,90.1
6,16,90.2
6,16,90.2
6,16,90.2
6,17,90.2
6,17,90.2
6,17,90.1
6,17,90.1
6,17,90.1
6,17,90.1
6,17,90.1
6,17,90.2
6,17,90.3
6,17,90.3
6,17,90.3
6,17,90.3
6,17,90.3
6,17,90.2
6,17,90.2
6,17,90.1
6,17,90
6,17,90
6,17,90.1
6,17,90.1
6,17,90.2
6,17,90.2
6,17,90.3
6,17,90.3
6,18,90.3
6,18,90.2
6,18,90.2
6,18,90.2
6,18,90.2
6,18,90.2
6,18,90.2
6,18,90.2
6,18,90.2
6,18,90.3
6,18,90.3
6,18,90.3
6,18,90.3
6,18,90.2
6,18,90.1
6,18,90
6,18,90
6,18,90
6,18,90
6,18,90.1
6,18,90.1
6,18,90.2
6,18,90.2
6,18,90.2
6,19,90.2
6,19,90.2
6,19,90.1
6,19,90.1
6,19,90.1
6,19,90.1
6,19,90.1
6,19,90.2
6,19,90.2
6,19,90.3
6,19,90.3
6,19,90.2
6,19,90.2
6,19,90.1
6,19,90
6,19,90
6,19,90
6,19,90
6,19,90
6,19,90.1
6,19,90.2
6,19,90.2
6,19,90.2
6,19,90.2
6,20,90.2
6,20,90.2
6,20,90.2
6,20,90.2
6,20,90.1
6,20,90.1
6,20,90.1
6,20,90.2
6,20,90.2
6,20,90.3
6,20,90.3
6,20,90.3
6,20,90.3
6,20,90.2
6,20,90.1
6,20,90.1
6,20,90
6,20,90
6,20,90.1
6,20,90.1
6,20,90.2
6,20,90.3
6,20,90.3
6,20,90.3
6,21,90.2
6,21,90.2
6,21,90.1
6,21,90.2
6,21,90.1
6,21,90.1
6,21,90.1
6,21,90.2
6,21,90.2
6,21,90.2
6,21,90.2
6,21,90.2
6,21,90.1
6,21,90.1
6,21,89.9
6,21,89.9
6,21,89.9
6,21,89.9
6,21,89.9
6,21,90
6,21,90
6,21,90
6,21,90.1
6,21,90.1
6,22,90.1
6,22,90.1
6,22,90.1
6,22,90
6,22,90
6,22,90
6,22,90
6,22,90.1
6,22,90.1
6,22,90.1
6,22,90.1
6,22,90
6,22,90
6,22,89.9
6,22,89.9
6,22,89.8
6,22,89.8
6,22,89.8
6,22,89.8
6,22,89.9
6,22,90
6,22,90
6,22,90
6,22,90
6,23,89.9
6,23,89.9
6,23,89.9
6,23,89.8
6,23,89.8
6,23,89.8
6,23,89.8
6,23,89.9
6,23,89.9
6,23,90
6,23,89.9
6,23,90
6,23,90
6,23,89.8
6,23,89.8
6,23,89.7
6,23,89.7
6,23,89.7
6,23,89.8
6,23,89.8
6,23,89.8
6,23,89.9
6,23,89.9
6,23,89.9
6,24,89.9
6,24,89.9
6,24,89.9
6,24,89.9
6,24,89.8
6,24,89.8
6,24,89.9
6,24,89.9
6,24,90
6,24,90.1
6,24,90.1
6,24,90.1
6,24,90
6,24,89.9
6,24,89.9
6,24,89.8
6,24,89.6
6,24,89.8
6,24,89.9
6,24,89.9
6,24,90
6,24,90
6,24,90.1
6,24,90.1
6,25,90
6,25,90
6,25,90
6,25,90
6,25,89.9
6,25,89.9
6,25,90
6,25,90
6,25,90
6,25,90.1
6,25,90.1
6,25,90.1
6,25,90.1
6,25,90
6,25,89.9
6,25,89.9
6,25,89.8
6,25,89.8
6,25,89.9
6,25,89.9
6,25,90
6,25,90
6,25,90.1
6,25,90.1
6,26,90.1
6,26,90.1
6,26,90
6,26,90
6,26,90
6,26,90
6,26,90
6,26,90
6,26,90.1
6,26,90.1
6,26,90.1
6,26,90.1
6,26,90.1
6,26,90
6,26,89.9
6,26,89.9
6,26,89.8
6,26,89.8
6,26,89.9
6,26,90
6,26,90
6,26,90.1
6,26,90.1
6,26,90.1
6,27,90.1
6,27,90
6,27,90
6,27,90
6,27,89.9
6,27,89.9
6,27,90
6,27,90
6,27,90.1
6,27,90.2
6,27,90.2
6,27,90.2
6,27,90.1
6,27,90.1
6,27,90
6,27,90
6,27,90
6,27,90
6,27,90
6,27,90.1
6,27,90.1
6,27,90.2
6,27,90.2
6,27,90.1
6,28,90.1
6,28,90.1
6,28,90.1
6,28,90
6,28,90.1
6,28,90.1
6,28,90.2
6,28,90.2
6,28,90.3
6,28,90.3
6,28,90.3
6,28,90.3
6,28,90.3
6,28,90.2
6,28,90.1
6,28,90.1
6,28,90
6,28,90.1
6,28,90.2
6,28,90.2
6,28,90.2
6,28,90.3
6,28,90.3
6,28,90.4
6,29,90.4
6,29,90.3
6,29,90.3
6,29,90.2
6,29,90.2
6,29,90.2
6,29,90.2
6,29,90.2
6,29,90.2
6,29,90.3
6,29,90.3
6,29,90.3
6,29,90.2
6,29,90.2
6,29,90.1
6,29,90.1
6,29,90
6,29,90
6,29,90.1
6,29,90.1
6,29,90.2
6,29,90.2
6,29,90.3
6,29,90.3
6,30,90.2
6,30,90.2
6,30,90.2
6,30,90.1
6,30,90.1
6,30,90.1
6,30,90.1
6,30,90.2
6,30,90.3
6,30,90.3
6,30,90.3
6,30,90.3
6,30,90.3
6,30,90.2
6,30,90.1
6,30,90
6,30,90
6,30,90
6,30,90
6,30,90.1
6,30,90.2
6,30,90.2
6,30,90.3
6,30,90.3
7,1,90.3
7,1,90.2
7,1,90.2
7,1,90.1
7,1,90.1
7,1,90.1
7,1,90.1
7,1,90.2
7,1,90.3
7,1,90.4
7,1,90.4
7,1,90.4
7,1,90.3
7,1,90.3
7,1,90.2
7,1,90.1
7,1,90.1
7,1,90.1
7,1,90.1
7,1,90.2
7,1,90.3
7,1,90.2
7,1,90.2
7,1,90.2
7,2,90.2
7,2,90.2
7,2,90.2
7,2,90.1
7,2,90.1
7,2,90.1
7,2,90.2
7,2,90.2
7,2,90.3
7,2,90.3
7,2,90.4
7,2,90.4
7,2,90.3
7,2,90.3
7,2,90.2
7,2,90.1
7,2,90.1
7,2,90.1
7,2,90
7,2,90.1
7,2,90.2
7,2,90.2
7,2,90.3
7,2,90.3
7,3,90.2
7,3,90.2
7,3,90.2
7,3,90.1
7,3,90.1
7,3,90.1
7,3,90.1
7,3,90.2
7,3,90.2
7,3,90.3
7,3,90.3
7,3,90.3
7,3,90.2
7,3,90.1
7,3,90
7,3,89.9
7,3,89.9
7,3,89.9
7,3,89.9
7,3,90
7,3,90.1
7,3,90.1
7,3,90.2
7,3,90.1
7,4,90.1
7,4,90.1
7,4,90.1
7,4,90
7,4,90
7,4,90
7,4,90
7,4,90
7,4,90.1
7,4,90.1
7,4,90.2
7,4,90.1
7,4,90.1
7,4,90
7,4,89.9
7,4,89.8
7,4,89.8
7,4,89.8
7,4,89.9
7,4,89.9
7,4,89.9
7,4,89.9
7,4,90
7,4,90
7,5,90
7,5,90
7,5,90
7,5,89.9
7,5,89.9
7,5,89.9
7,5,89.9
7,5,89.9
7,5,90
7,5,90.1
7,5,90.1
7,5,90.1
7,5,90
7,5,90
7,5,89.9
7,5,89.8
7,5,89.8
7,5,89.8
7,5,89.9
7,5,89.9
7,5,90
7,5,90.1
7,5,90.1
7,5,90.1
7,6,90.1
7,6,90.1
7,6,90.1
7,6,90
7,6,90
7,6,90
7,6,90
7,6,90
7,6,90.1
7,6,90.2
7,6,90.2
7,6,90.2
7,6,90.2
7,6,90.2
7,6,90
7,6,90
7,6,90
7,6,89.9
7,6,90
7,6,90
7,6,90.1
7,6,90.1
7,6,90.2
7,6,90.2
7,7,90.2
7,7,90.1
7,7,90.1
7,7,90.1
7,7,90.1
7,7,90.1
7,7,90.2
7,7,90.2
7,7,90.2
7,7,90.2
7,7,90.3
7,7,90.3
7,7,90.2
7,7,90.2
7,7,90.2
7,7,90
7,7,90
7,7,90
7,7,90.1
7,7,90.1
7,7,90.1
7,7,90.2
7,7,90.2
7,7,90.2
7,8,90.2
7,8,90.2
7,8,90.1
7,8,90.1
7,8,90.1
7,8,90.1
7,8,90.1
7,8,90.2
7,8,90.3
7,8,90.3
7,8,90.3
7,8,90.3
7,8,90.2
7,8,90.1
7,8,90
7,8,90
7,8,90
7,8,90
7,8,90
7,8,90
7,8,90.1
7,8,90.2
7,8,90
7,8,90.1
7,9,90.2
7,9,90.1
7,9,90.1
7,9,90.1
7,9,90.1
7,9,90.1
7,9,90.2
7,9,90.3
7,9,90.3
7,9,90.4
7,9,90.4
7,9,90.3
7,9,90.3
7,9,90.2
7,9,90.1
7,9,90.2
7,9,90.1
7,9,90.1
7,9,90.2
7,9,90.2
7,9,90.3
7,9,90.3
7,9,90.3
7,9,90.3
7,10,90.3
7,10,90.3
7,10,90.2
7,10,90.2
7,10,90.2
7,10,90.2
7,10,90.2
7,10,90.3
7,10,90.3
7,10,90.4
7,10,90.4
7,10,90.3
7,10,90.3
7,10,90.2
7,10,90.1
7,10,90
7,10,90
7,10,90
7,10,90
7,10,90
7,10,90.1
7,10,90.1
7,10,90.2
7,10,90.2
7,11,90.1
7,11,90.1
7,11,90.1
7,11,90.1
7,11,90.1
7,11,90.1
7,11,90.1
7,11,90.1
7,11,90.2
7,11,90.3
7,11,90.3
7,11,90.3
7,11,90.2
7,11,90.1
7,11,90
7,11,90
7,11,90
7,11,90
7,11,90.1
7,11,90.1
7,11,90.1
7,11,90.2
7,11,90.2
7,11,90.2
7,12,90.2
7,12,90.1
7,12,90.1
7,12,90.1
7,12,90.1
7,12,90.1
7,12,90.1
7,12,90.1
7,12,90.2
7,12,90.3
7,12,90.3
7,12,90.3
7,12,90.2
7,12,90.1
7,12,90
7,12,90
7,12,90
7,12,89.9
7,12,90
7,12,90.1
7,12,90.1
7,12,90.1
7,12,90.2
7,12,90.2
7,13,90.2
7,13,90.2
7,13,90.1
7,13,90.1
7,13,90
7,13,90.1
7,13,90.1
7,13,90.1
7,13,90.2
7,13,90.2
7,13,90.2
7,13,90.2
7,13,90.1
7,13,90
7,13,89.9
7,13,89.8
7,13,89.8
7,13,89.8
7,13,89.8
7,13,89.9
7,13,89.9
7,13,90
7,13,90
7,13,90.1
7,14,90.1
7,14,90
7,14,89.9
7,14,89.9
7,14,89.9
7,14,89.9
7,14,89.9
7,14,90
7,14,90
7,14,90.1
7,14,90.1
7,14,90.1
7,14,90
7,14,90
7,14,89.9
7,14,89.8
7,14,89.8
7,14,89.9
7,14,89.9
7,14,90
7,14,90
7,14,90.1
7,14,90.1
7,14,90.1
7,15,90.1
7,15,90.1
7,15,90.1
7,15,90
7,15,90
7,15,90
7,15,90.1
7,15,90.1
7,15,90.2
7,15,90.2
7,15,90.3
7,15,90.2
7,15,90.2
7,15,90.1
7,15,90
7,15,89.9
7,15,89.9
7,15,89.9
7,15,89.9
7,15,90
7,15,90.1
7,15,90.1
7,15,90.2
7,15,90.2
7,16,90.2
7,16,90.1
7,16,90.1
7,16,90.1
7,16,90
7,16,90.1
7,16,90.1
7,16,90.1
7,16,90.1
7,16,90.2
7,16,90.2
7,16,90.2
7,16,90.1
7,16,90.1
7,16,90
7,16,89.9
7,16,89.9
7,16,89.9
7,16,89.9
7,16,89.9
7,16,90
7,16,90.1
7,16,90.1
7,16,90.2
7,17,90.1
7,17,90.1
7,17,90.1
7,17,90
7,17,90
7,17,90
7,17,90
7,17,90.1
7,17,90.1
7,17,90.2
7,17,90.2
7,17,90.2
7,17,90.2
7,17,90.1
7,17,90
7,17,89.9
7,17,89.9
7,17,89.9
7,17,89.9
7,17,90
7,17,90
7,17,90.1
7,17,90.1
7,17,90.1
7,18,90.1
7,18,90
7,18,90
7,18,89.9
7,18,89.9
7,18,89.9
7,18,89.9
7,18,90
7,18,90
7,18,90.2
7,18,90.2
7,18,90.1
7,18,90.1
7,18,90
7,18,89.9
7,18,89.9
7,18,89.8
7,18,89.8
7,18,89.9
7,18,89.9
7,18,89.9
7,18,90
7,18,90.1
7,18,90.1
7,19,90.1
7,19,90.1
7,19,90
7,19,90
7,19,90
7,19,90
7,19,90
7,19,90.1
7,19,90.1
7,19,90.2
7,19,90.2
7,19,90.2
7,19,90.1
7,19,90
7,19,89.9
7,19,89.9
7,19,89.8
7,19,89.8
7,19,89.9
7,19,89.9
7,19,90
7,19,90.1
7,19,90.1
7,19,90.1
7,20,90.1
7,20,90.1
7,20,90
7,20,90
7,20,90
7,20,90
7,20,90
7,20,90
7,20,90.1
7,20,90.2
7,20,90.2
7,20,90.2
7,20,90.2
7,20,90.1
7,20,90
7,20,89.9
7,20,89.9
7,20,89.9
7,20,90
7,20,90
7,20,90
7,20,90.1
7,20,90.1
7,20,90.1
7,21,90.1
7,21,90.1
7,21,90.1
7,21,90.1
7,21,90.1
7,21,90.1
7,21,90.2
7,21,90.2
7,21,90.3
7,21,90.4
7,21,90.5
7,21,90.4
7,21,90.4
7,21,90.3
7,21,90.2
7,21,90.1
7,21,90
7,21,90
7,21,90.1
7,21,90.1
7,21,90.2
7,21,90.2
7,21,90.2
7,21,90.3
7,22,90.2
7,22,90.2
7,22,90.2
7,22,90.2
7,22,90.2
7,22,90.2
7,22,90.3
7,22,90.3
7,22,90.4
7,22,90.5
7,22,90.5
7,22,90.4
7,22,90.3
7,22,90.1
7,22,90.1
7,22,90.1
7,22,90
7,22,90.1
7,22,90.1
7,22,90.1
7,22,90.2
7,22,90.2
7,22,90.2
7,22,90.2
7,23,90.2
7,23,90.2
7,23,90.1
7,23,90
7,23,90
7,23,90
7,23,90
7,23,90.1
7,23,90.2
7,23,90.2
7,23,90.2
7,23,90.2
7,23,90.2
7,23,90.1
7,23,90
7,23,89.9
7,23,89.9
7,23,89.9
7,23,89.9
7,23,89.9
7,23,90
7,23,90
7,23,90.1
7,23,90.1
7,24,90
7,24,90
7,24,90
7,24,89.9
7,24,89.9
7,24,89.9
7,24,90
7,24,90.1
7,24,90.1
7,24,90.2
7,24,90.1
7,24,90.1
7,24,90
7,24,90
7,24,89.9
7,24,89.8
7,24,89.8
7,24,89.8
7,24,89.8
7,24,89.9
7,24,89.9
7,24,90
7,24,90.1
7,24,90.1
7,25,90.1
7,25,90.1
7,25,90
7,25,90
7,25,89.9
7,25,90
7,25,90
7,25,90.1
7,25,90.1
7,25,90.2
7,25,90.2
7,25,90.2
7,25,90.1
7,25,90.1
7,25,90
7,25,89.9
7,25,89.8
7,25,89.9
7,25,89.9
7,25,89.9
7,25,90
7,25,90
7,25,90
7,25,90
7,26,90
7,26,89.9
7,26,89.9
7,26,89.9
7,26,89.8
7,26,89.8
7,26,89.9
7,26,90
7,26,90
7,26,90.1
7,26,90.1
7,26,90
7,26,90
7,26,89.9
7,26,89.8
7,26,89.8
7,26,89.8
7,26,89.8
7,26,89.8
7,26,89.9
7,26,90
7,26,90
7,26,90
7,26,90
7,27,90
7,27,90
7,27,90
7,27,90
7,27,89.9
7,27,89.9
7,27,90
7,27,90.1
7,27,90.1
7,27,90.2
7,27,90.2
7,27,90.1
7,27,90.1
7,27,90
7,27,89.9
7,27,89.9
7,27,89.8
7,27,89.9
7,27,89.9
7,27,89.9
7,27,90
7,27,90
7,27,90.1
7,27,90.1
7,28,90.1
7,28,90.1
7,28,90
7,28,90
7,28,90
7,28,90.1
7,28,90
7,28,90.1
7,28,90.2
7,28,90.3
7,28,90.3
7,28,90.4
7,28,90.2
7,28,90.1
7,28,90.1
7,28,90
7,28,90
7,28,90
7,28,90
7,28,90
7,28,90.1
7,28,90.2
7,28,90.2
7,28,90.3
7,29,90.2
7,29,90.2
7,29,90.2
7,29,90.1
7,29,90.1
7,29,90.1
7,29,90.2
7,29,90.2
7,29,90.3
7,29,90.3
7,29,90.4
7,29,90.3
7,29,90.3
7,29,90.2
7,29,90.1
7,29,90
7,29,89.9
7,29,90
7,29,90
7,29,90.1
7,29,90.1
7,29,90.2
7,29,90.2
7,29,90.2
7,30,90.2
7,30,90.2
7,30,90.1
7,30,90.1
7,30,90.1
7,30,90.1
7,30,90.1
7,30,90.2
7,30,90.2
7,30,90.3
7,30,90.3
7,30,90.3
7,30,90.3
7,30,90.2
7,30,90.1
7,30,90.1
7,30,90
7,30,90.1
7,30,90.1
7,30,90.2
7,30,90.2
7,30,90.3
7,30,90.3
7,30,90.3
7,31,90.3
7,31,90.3
7,31,90.2
7,31,90.2
7,31,90.2
7,31,90.2
7,31,90.2
7,31,90.3
7,31,90.4
7,31,90.4
7,31,90.4
7,31,90.4
7,31,90.3
7,31,90.3
7,31,90.2
7,31,90.1
7,31,90.1
7,31,90.1
7,31,90.1
7,31,90.2
7,31,90.2
7,31,90.3
7,31,90.3
7,31,90.3
8,1,90.3
8,1,90.3
8,1,90.2
8,1,90.2
8,1,90.2
8,1,90.2
8,1,90.3
8,1,90.4
8,1,90.4
8,1,90.5
8,1,90.5
8,1,90.5
8,1,90.4
8,1,90.3
8,1,90.3
8,1,90.2
8,1,90.2
8,1,90.2
8,1,90.2
8,1,90.3
8,1,90.4
8,1,90.4
8,1,90.5
8,1,90.5
8,2,90.4
8,2,90.4
8,2,90.4
8,2,90.3
8,2,90.3
8,2,90.3
8,2,90.3
8,2,90.3
8,2,90.4
8,2,90.4
8,2,90.4
8,2,90.4
8,2,90.4
8,2,90.3
8,2,90.2
8,2,90.1
8,2,90.1
8,2,90.1
8,2,90.1
8,2,90.1
8,2,90.2
8,2,90.2
8,2,90.2
8,2,90.3
8,3,90.2
8,3,90.2
8,3,90.1
8,3,90.1
8,3,90
8,3,90
8,3,90.1
8,3,90.1
8,3,90.2
8,3,90.2
8,3,90.3
8,3,90.3
8,3,90.2
8,3,90.1
8,3,90
8,3,90
8,3,89.9
8,3,90
8,3,90
8,3,90
8,3,89.9
8,3,90.1
8,3,90.2
8,3,90.2
8,4,90.2
8,4,90.2
8,4,90.2
8,4,90.1
8,4,90.1
8,4,90.1
8,4,90.1
8,4,90.2
8,4,90.2
8,4,90.3
8,4,90.3
8,4,90.3
8,4,90.2
8,4,90.2
8,4,90.1
8,4,90
8,4,90
8,4,90
8,4,90
8,4,90.1
8,4,90.2
8,4,90.2
8,4,90.3
8,4,90.3
8,5,90.2
8,5,90.2
8,5,90.2
8,5,90.2
8,5,90.1
8,5,90.2
8,5,90.2
8,5,90.3
8,5,90.4
8,5,90.4
8,5,90.4
8,5,90.4
8,5,90.3
8,5,90.3
8,5,90.2
8,5,90.1
8,5,90.1
8,5,90.1
8,5,90.1
8,5,90.1
8,5,90.2
8,5,90.3
8,5,90.3
8,5,90.3
8,6,90.4
8,6,90.3
8,6,90.3
8,6,90.2
8,6,90.2
8,6,90.2
8,6,90.2
8,6,90.3
8,6,90.4
8,6,90.4
8,6,90.5
8,6,90.5
8,6,90.4
8,6,90.2
8,6,90.2
8,6,90.1
8,6,90.1
8,6,90.1
8,6,90.1
8,6,90.2
8,6,90.2
8,6,90.2
8,6,90.3
8,6,90.3
8,7,90.3
8,7,90.2
8,7,90.2
8,7,90.1
8,7,90.1
8,7,90.1
8,7,90.1
8,7,90.2
8,7,90.2
8,7,90.3
8,7,90.3
8,7,90.3
8,7,90.2
8,7,90.1
8,7,90
8,7,89.9
8,7,89.9
8,7,89.9
8,7,90
8,7,90
8,7,90
8,7,90.1
8,7,90.1
8,7,90.1
8,8,90.1
8,8,90.1
8,8,90
8,8,90
8,8,90
8,8,90
8,8,90
8,8,90
8,8,90.1
8,8,90.1
8,8,90.2
8,8,90.1
8,8,90.1
8,8,90
8,8,90
8,8,89.8
8,8,89.8
8,8,89.8
8,8,89.9
8,8,89.9
8,8,90
8,8,90
8,8,90
8,8,90
8,9,90.1
8,9,90
8,9,90
8,9,89.9
8,9,89.9
8,9,89.9
8,9,90
8,9,90
8,9,90
8,9,90.1
8,9,90.1
8,9,90.1
8,9,90.1
8,9,90
8,9,89.8
8,9,89.8
8,9,89.8
8,9,89.8
8,9,89.8
8,9,89.9
8,9,89.9
8,9,90
8,9,90
8,9,90
8,10,90
8,10,90
8,10,90
8,10,89.9
8,10,89.9
8,10,89.9
8,10,89.9
8,10,90
8,10,90
8,10,90.1
8,10,90.1
8,10,90
8,10,90
8,10,89.9
8,10,89.8
8,10,89.8
8,10,89.7
8,10,89.8
8,10,89.8
8,10,89.8
8,10,89.9
8,10,90
8,10,90
8,10,90
8,11,90
8,11,89.9
8,11,89.9
8,11,89.9
8,11,89.8
8,11,89.8
8,11,89.9
8,11,89.9
8,11,89.9
8,11,90
8,11,90
8,11,89.9
8,11,89.8
8,11,89.8
8,11,89.6
8,11,89.6
8,11,89.6
8,11,89.6
8,11,89.6
8,11,89.6
8,11,89.7
8,11,89.8
8,11,89.8
8,11,89.8
8,12,89.8
8,12,89.7
8,12,89.7
8,12,89.6
8,12,89.6
8,12,89.6
8,12,89.6
8,12,89.7
8,12,89.8
8,12,89.8
8,12,89.9
8,12,89.8
8,12,89.8
8,12,89.7
8,12,89.6
8,12,89.5
8,12,89.5
8,12,89.5
8,12,89.6
8,12,89.6
8,12,89.7
8,12,89.7
8,12,89.8
8,12,89.8
8,13,89.8
8,13,89.8
8,13,89.8
8,13,89.7
8,13,89.7
8,13,89.7
8,13,89.8
8,13,89.9
8,13,89.9
8,13,89.9
8,13,90
8,13,90
8,13,89.9
8,13,89.9
8,13,89.8
8,13,89.8
8,13,89.7
8,13,89.7
8,13,89.8
8,13,89.8
8,13,89.8
8,13,89.9
8,13,89.9
8,13,90
8,14,89.9
8,14,89.9
8,14,89.9
8,14,89.8
8,14,89.8
8,14,89.8
8,14,89.9
8,14,89.9
8,14,90
8,14,90.1
8,14,90.1
8,14,90.1
8,14,90
8,14,90
8,14,90
8,14,89.8
8,14,89.8
8,14,89.9
8,14,89.9
8,14,89.9
8,14,90
8,14,90
8,14,90
8,14,90
8,15,90
8,15,90
8,15,90
8,15,90
8,15,90
8,15,90
8,15,90
8,15,90.1
8,15,90.2
8,15,90.2
8,15,90.2
8,15,90.3
8,15,90.5
8,15,90.1
8,15,90
8,15,90
8,15,89.9
8,15,89.9
8,15,89.9
8,15,90
8,15,90.1
8,15,90.1
8,15,90.2
8,15,90.2
8,16,90.1
8,16,90
8,16,90
8,16,90
8,16,90
8,16,90
8,16,90.1
8,16,90.1
8,16,90.2
8,16,90.2
8,16,90.2
8,16,90.2
8,16,90.1
8,16,90
8,16,89.9
8,16,89.8
8,16,89.8
8,16,89.8
8,16,89.8
8,16,89.9
8,16,90
8,16,90
8,16,90.1
8,16,90.1
8,17,90.1
8,17,90.1
8,17,90
8,17,89.9
8,17,89.9
8,17,89.9
8,17,89.9
8,17,89.9
8,17,90
8,17,90
8,17,90
8,17,90.1
8,17,90
8,17,89.9
8,17,89.8
8,17,89.8
8,17,89.7
8,17,89.8
8,17,89.8
8,17,89.8
8,17,89.9
8,17,89.9
8,17,89.9
8,17,89.9
8,18,89.9
8,18,89.9
8,18,89.8
8,18,89.8
8,18,89.8
8,18,89.8
8,18,89.8
8,18,89.9
8,18,89.9
8,18,90
8,18,90
8,18,90
8,18,89.9
8,18,89.9
8,18,89.8
8,18,89.7
8,18,89.7
8,18,89.7
8,18,89.7
8,18,89.7
8,18,89.8
8,18,89.8
8,18,89.9
8,18,89.9
8,19,89.9
8,19,89.9
8,19,89.8
8,19,89.8
8,19,89.8
8,19,89.8
8,19,89.9
8,19,89.9
8,19,90
8,19,90
8,19,90.1
8,19,90
8,19,90
8,19,90
8,19,89.9
8,19,89.8
8,19,89.8
8,19,89.8
8,19,89.9
8,19,89.9
8,19,89.9
8,19,90
8,19,90
8,19,90
8,20,90
8,20,90
8,20,90
8,20,89.9
8,20,89.9
8,20,89.9
8,20,89.9
8,20,90
8,20,90.1
8,20,90.1
8,20,90.1
8,20,90.1
8,20,90.1
8,20,90
8,20,89.9
8,20,89.8
8,20,89.8
8,20,89.8
8,20,89.8
8,20,89.9
8,20,89.9
8,20,90
8,20,90
8,20,90
8,21,90
8,21,90
8,21,89.9
8,21,89.9
8,21,89.8
8,21,89.8
8,21,89.9
8,21,89.9
8,21,90
8,21,90.1
8,21,90.1
8,21,90
8,21,90
8,21,89.9
8,21,89.8
8,21,89.7
8,21,89.7
8,21,89.7
8,21,89.8
8,21,89.8
8,21,89.9
8,21,89.9
8,21,90
8,21,90
8,22,89.9
8,22,89.9
8,22,89.9
8,22,89.8
8,22,89.8
8,22,89.8
8,22,89.9
8,22,89.9
8,22,90
8,22,90
8,22,90
8,22,90
8,22,89.9
8,22,89.8
8,22,89.7
8,22,89.6
8,22,89.6
8,22,89.6
8,22,89.6
8,22,89.7
8,22,89.7
8,22,89.8
8,22,89.8
8,22,89.8
8,23,89.8
8,23,89.8
8,23,89.7
8,23,89.7
8,23,89.7
8,23,89.8
8,23,89.8
8,23,89.8
8,23,89.9
8,23,90
8,23,90
8,23,89.9
8,23,89.9
8,23,89.7
8,23,89.7
8,23,89.6
8,23,89.6
8,23,89.7
8,23,89.7
8,23,89.8
8,23,89.8
8,23,89.9
8,23,89.9
8,23,89.9
8,24,89.9
8,24,89.9
8,24,89.8
8,24,89.8
8,24,89.8
8,24,89.8
8,24,89.9
8,24,90
8,24,90
8,24,90
8,24,90
8,24,90
8,24,89.9
8,24,89.8
8,24,89.7
8,24,89.7
8,24,89.7
8,24,89.7
8,24,89.8
8,24,89.8
8,24,89.9
8,24,89.9
8,24,89.9
8,24,90
8,25,89.9
8,25,89.9
8,25,89.9
8,25,89.8
8,25,89.9
8,25,89.9
8,25,89.9
8,25,90
8,25,90
8,25,90.1
8,25,90.1
8,25,90.1
8,25,90
8,25,89.9
8,25,89.8
8,25,89.7
8,25,89.7
8,25,89.7
8,25,89.8
8,25,89.8
8,25,89.9
8,25,89.9
8,25,89.9
8,25,90
8,26,90
8,26,90
8,26,89.9
8,26,89.8
8,26,89.8
8,26,89.9
8,26,89.9
8,26,89.9
8,26,90
8,26,90
8,26,90.1
8,26,90
8,26,90
8,26,89.9
8,26,89.8
8,26,89.8
8,26,89.8
8,26,89.7
8,26,89.8
8,26,89.9
8,26,89.9
8,26,89.9
8,26,90
8,26,90
8,27,90
8,27,89.9
8,27,89.9
8,27,89.8
8,27,89.8
8,27,89.8
8,27,89.9
8,27,90
8,27,90
8,27,90.1
8,27,90.1
8,27,90.1
8,27,90
8,27,90
8,27,89.9
8,27,89.8
8,27,89.8
8,27,89.8
8,27,89.8
8,27,89.8
8,27,89.9
8,27,89.9
8,27,90
8,27,90
8,28,90
8,28,89.9
8,28,89.8
8,28,89.8
8,28,89.8
8,28,89.8
8,28,89.8
8,28,89.9
8,28,90
8,28,90
8,28,90
8,28,90
8,28,89.9
8,28,89.8
8,28,89.8
8,28,89.7
8,28,89.6
8,28,89.6
8,28,89.7
8,28,89.7
8,28,89.8
8,28,89.8
8,28,89.9
8,28,89.9
8,29,89.9
8,29,89.8
8,29,89.8
8,29,89.8
8,29,89.8
8,29,89.8
8,29,89.8
8,29,89.9
8,29,89.9
8,29,90
8,29,90
8,29,90
8,29,89.9
8,29,89.8
8,29,89.7
8,29,89.6
8,29,89.6
8,29,89.6
8,29,89.6
8,29,89.7
8,29,89.7
8,29,89.8
8,29,89.8
8,29,89.8
8,30,89.8
8,30,89.8
8,30,89.7
8,30,89.7
8,30,89.7
8,30,89.7
8,30,89.7
8,30,89.8
8,30,89.8
8,30,89.9
8,30,89.9
8,30,89.9
8,30,89.8
8,30,89.7
8,30,89.6
8,30,89.6
8,30,89.5
8,30,89.6
8,30,89.6
8,30,89.7
8,30,89.7
8,30,89.8
8,30,89.8
8,30,89.8
8,31,89.8
8,31,89.8
8,31,89.8
8,31,89.8
8,31,89.8
8,31,89.7
8,31,89.7
8,31,89.8
8,31,89.9
8,31,89.9
8,31,89.9
8,31,89.9
8,31,89.8
8,31,89.8
8,31,89.7
8,31,89.6
8,31,89.6
8,31,89.5
8,31,89.7
8,31,89.7
8,31,89.7
8,31,89.8
8,31,89.9
8,31,89.9
9,1,89.9
9,1,89.8
9,1,89.8
9,1,89.7
9,1,89.7
9,1,89.7
9,1,89.7
9,1,89.8
9,1,89.8
9,1,89.8
9,1,89.9
9,1,89.8
9,1,89.6
9,1,89.7
9,1,89.6
9,1,89.5
9,1,89.5
9,1,89.5
9,1,89.6
9,1,89.7
9,1,89.7
9,1,89.8
9,1,89.8
9,1,89.8
9,2,89.8
9,2,89.7
9,2,89.7
9,2,89.7
9,2,89.7
9,2,89.7
9,2,89.7
9,2,89.8
9,2,89.9
9,2,89.9
9,2,89.9
9,2,89.9
9,2,89.8
9,2,89.8
9,2,89.7
9,2,89.6
9,2,89.6
9,2,89.6
9,2,89.6
9,2,89.6
9,2,89.7
9,2,89.8
9,2,89.8
9,2,90
9,3,90
9,3,90
9,3,90
9,3,90
9,3,90
9,3,90.1
9,3,90.2
9,3,90.1
9,3,90.2
9,3,90.2
9,3,90.2
9,3,90.2
9,3,90.2
9,3,90.1
9,3,90
9,3,89.9
9,3,89.9
9,3,89.9
9,3,89.8
9,3,89.9
9,3,90
9,3,90
9,3,90.1
9,3,90.1
9,4,90.1
9,4,90.1
9,4,90
9,4,90
9,4,90
9,4,90
9,4,90
9,4,90.1
9,4,90.1
9,4,90.1
9,4,90.2
9,4,90.2
9,4,90.1
9,4,90
9,4,89.9
9,4,89.9
9,4,89.9
9,4,89.9
9,4,89.9
9,4,89.9
9,4,89.9
9,4,90
9,4,90
9,4,90
9,5,90.1
9,5,90
9,5,90
9,5,90
9,5,90
9,5,90
9,5,90.1
9,5,90.1
9,5,90.2
9,5,90.2
9,5,90.2
9,5,90.1
9,5,90
9,5,90
9,5,89.8
9,5,89.7
9,5,89.7
9,5,89.7
9,5,89.8
9,5,89.8
9,5,89.9
9,5,89.9
9,5,90
9,5,90.1
9,6,90
9,6,90
9,6,89.9
9,6,89.9
9,6,89.8
9,6,89.8
9,6,89.9
9,6,89.9
9,6,89.9
9,6,90
9,6,90
9,6,90
9,6,89.9
9,6,89.8
9,6,89.7
9,6,89.6
9,6,89.6
9,6,89.6
9,6,89.7
9,6,89.7
9,6,89.7
9,6,89.8
9,6,89.8
9,6,89.8
9,7,89.8
9,7,89.8
9,7,89.8
9,7,89.8
9,7,89.7
9,7,89.7
9,7,89.8
9,7,89.9
9,7,89.9
9,7,90
9,7,90
9,7,89.9
9,7,89.9
9,7,89.8
9,7,89.7
9,7,89.6
9,7,89.6
9,7,89.6
9,7,89.6
9,7,89.7
9,7,89.7
9,7,89.8
9,7,89.8
9,7,89.8
9,8,89.8
9,8,89.8
9,8,89.7
9,8,89.7
9,8,89.7
9,8,89.8
9,8,89.8
9,8,89.9
9,8,89.9
9,8,90
9,8,90
9,8,89.9
9,8,89.8
9,8,89.7
9,8,89.7
9,8,89.6
9,8,89.6
9,8,89.6
9,8,89.6
9,8,89.7
9,8,89.7
9,8,89.7
9,8,89.8
9,8,89.8
9,9,89.8
9,9,89.7
9,9,89.7
9,9,89.6
9,9,89.6
9,9,89.7
9,9,89.7
9,9,89.8
9,9,89.9
9,9,89.9
9,9,89.9
9,9,89.9
9,9,89.8
9,9,89.7
9,9,89.7
9,9,89.6
9,9,89.6
9,9,89.7
9,9,89.7
9,9,89.7
9,9,89.7
9,9,89.8
9,9,89.8
9,9,89.8
9,10,89.8
9,10,89.8
9,10,89.7
9,10,89.7
9,10,89.7
9,10,89.7
9,10,89.7
9,10,89.8
9,10,89.9
9,10,89.9
9,10,90
9,10,89.9
9,10,89.9
9,10,89.8
9,10,89.7
9,10,89.6
9,10,89.6
9,10,89.7
9,10,89.7
9,10,89.7
9,10,89.8
9,10,89.8
9,10,89.9
9,10,89.9
9,11,89.9
9,11,89.9
9,11,89.9
9,11,89.8
9,11,89.8
9,11,89.8
9,11,89.9
9,11,89.9
9,11,90
9,11,90.1
9,11,90.1
9,11,90.1
9,11,90
9,11,89.9
9,11,89.8
9,11,89.7
9,11,89.6
9,11,89.6
9,11,89.6
9,11,89.7
9,11,89.7
9,11,89.8
9,11,89.8
9,11,89.8
9,12,89.9
9,12,89.8
9,12,89.7
9,12,89.7
9,12,89.7
9,12,89.7
9,12,89.8
9,12,89.9
9,12,89.9
9,12,89.9
9,12,89.9
9,12,89.9
9,12,89.8
9,12,89.7
9,12,89.6
9,12,89.6
9,12,89.5
9,12,89.5
9,12,89.6
9,12,89.6
9,12,89.6
9,12,89.7
9,12,89.7
9,12,89.7
9,13,89.7
9,13,89.7
9,13,89.6
9,13,89.6
9,13,89.6
9,13,89.6
9,13,89.7
9,13,89.7
9,13,89.8
9,13,89.8
9,13,89.8
9,13,89.8
9,13,89.7
9,13,89.6
9,13,89.5
9,13,89.5
9,13,89.4
9,13,89.4
9,13,89.4
9,13,89.5
9,13,89.5
9,13,89.6
9,13,89.6
9,13,89.7
9,14,89.7
9,14,89.6
9,14,89.6
9,14,89.6
9,14,89.6
9,14,89.7
9,14,89.8
9,14,89.8
9,14,89.9
9,14,89.9
9,14,90
9,14,89.9
9,14,89.8
9,14,89.7
9,14,89.7
9,14,89.6
9,14,89.6
9,14,89.6
9,14,89.6
9,14,89.7
9,14,89.8
9,14,89.9
9,14,89.9
9,14,90
9,15,90
9,15,89.9
9,15,89.9
9,15,89.9
9,15,89.9
9,15,89.9
9,15,89.9
9,15,90
9,15,90
9,15,90.1
9,15,90.1
9,15,90.1
9,15,90.1
9,15,90
9,15,89.9
9,15,89.8
9,15,89.8
9,15,89.9
9,15,89.9
9,15,89.9
9,15,89.9
9,15,90
9,15,90
9,15,90
9,16,90
9,16,90
9,16,90
9,16,90
9,16,89.9
9,16,90
9,16,90
9,16,90.1
9,16,90.1
9,16,90.2
9,16,90.2
9,16,90.1
9,16,90.1
9,16,90
9,16,89.9
9,16,89.8
9,16,89.8
9,16,89.8
9,16,89.8
9,16,89.8
9,16,89.8
9,16,89.9
9,16,90
9,16,89.9
9,17,89.9
9,17,89.9
9,17,89.8
9,17,89.8
9,17,89.8
9,17,89.9
9,17,90
9,17,90.1
9,17,90.1
9,17,90.1
9,17,90.2
9,17,90.1
9,17,90
9,17,89.9
9,17,89.8
9,17,89.8
9,17,89.7
9,17,89.7
9,17,89.8
9,17,89.8
9,17,89.9
9,17,89.9
9,17,90
9,17,90
9,18,90
9,18,89.9
9,18,89.9
9,18,89.9
9,18,89.9
9,18,89.9
9,18,90
9,18,90.1
9,18,90.1
9,18,90.1
9,18,90.1
9,18,90.1
9,18,90
9,18,89.9
9,18,89.8
9,18,89.7
9,18,89.7
9,18,89.7
9,18,89.8
9,18,89.8
9,18,89.8
9,18,89.8
9,18,89.9
9,18,89.9
9,19,89.9
9,19,89.9
9,19,89.8
9,19,89.8
9,19,89.8
9,19,89.8
9,19,89.8
9,19,89.9
9,19,90
9,19,90
9,19,90
9,19,89.9
9,19,89.9
9,19,89.8
9,19,89.7
9,19,89.6
9,19,89.6
9,19,89.6
9,19,89.6
9,19,89.7
9,19,89.7
9,19,89.8
9,19,89.8
9,19,89.8
9,20,89.8
9,20,89.8
9,20,89.7
9,20,89.7
9,20,89.7
9,20,89.7
9,20,89.8
9,20,89.8
9,20,89.9
9,20,89.9
9,20,90
9,20,89.9
9,20,89.9
9,20,89.8
9,20,89.7
9,20,89.7
9,20,89.6
9,20,89.6
9,20,89.6
9,20,89.7
9,20,89.8
9,20,89.8
9,20,89.9
9,20,89.9
9,21,89.9
9,21,89.8
9,21,89.8
9,21,89.8
9,21,89.8
9,21,89.7
9,21,89.8
9,21,89.8
9,21,89.9
9,21,89.9
9,21,90
9,21,89.9
9,21,89.8
9,21,89.8
9,21,89.7
9,21,89.6
9,21,89.6
9,21,89.6
9,21,89.6
9,21,89.7
9,21,89.7
9,21,89.8
9,21,89.8
9,21,89.8
9,22,89.9
9,22,89.8
9,22,89.8
9,22,89.7
9,22,89.7
9,22,89.7
9,22,89.8
9,22,89.8
9,22,89.9
9,22,89.9
9,22,89.9
9,22,89.8
9,22,89.7
9,22,89.6
9,22,89.5
9,22,89.5
9,22,89.4
9,22,89.4
9,22,89.4
9,22,89.5
9,22,89.6
9,22,89.7
9,22,89.7
9,22,89.7
9,23,89.6
9,23,89.6
9,23,89.6
9,23,89.6
9,23,89.6
9,23,89.6
9,23,89.6
9,23,89.7
9,23,89.8
9,23,89.8
9,23,89.8
9,23,89.7
9,23,89.6
9,23,89.5
9,23,89.4
9,23,89.4
9,23,89.3
9,23,89.4
9,23,89.5
9,23,89.6
9,23,89.6
9,23,89.7
9,23,89.8
9,23,89.8
9,24,89.8
9,24,89.7
9,24,89.6
9,24,89.6
9,24,89.5
9,24,89.6
9,24,89.7
9,24,89.7
9,24,89.8
9,24,89.8
9,24,89.8
9,24,89.7
9,24,89.7
9,24,89.6
9,24,89.5
9,24,89.4
9,24,89.4
9,24,89.5
9,24,89.6
9,24,89.7
9,24,89.7
9,24,89.8
9,24,89.8
9,24,89.8
9,25,89.8
9,25,89.8
9,25,89.8
9,25,89.7
9,25,89.7
9,25,89.7
9,25,89.8
9,25,89.9
9,25,89.9
9,25,90
9,25,90
9,25,89.9
9,25,89.9
9,25,89.8
9,25,89.6
9,25,89.5
9,25,89.6
9,25,89.5
9,25,89.6
9,25,89.7
9,25,89.7
9,25,89.8
9,25,89.8
9,25,89.8
9,26,89.9
9,26,89.8
9,26,89.7
9,26,89.6
9,26,89.6
9,26,89.6
9,26,89.6
9,26,89.8
9,26,89.8
9,26,89.9
9,26,89.9
9,26,89.9
9,26,89.8
9,26,89.7
9,26,89.6
9,26,89.6
9,26,89.6
9,26,89.5
9,26,89.6
9,26,89.7
9,26,89.8
9,26,89.8
9,26,89.9
9,26,90
9,27,89.8
9,27,89.9
9,27,89.8
9,27,89.7
9,27,89.7
9,27,89.7
9,27,89.7
9,27,89.8
9,27,89.9
9,27,89.9
9,27,89.9
9,27,89.9
9,27,89.8
9,27,89.8
9,27,89.6
9,27,89.6
9,27,89.6
9,27,89.5
9,27,89.6
9,27,89.6
9,27,89.6
9,27,89.7
9,27,89.8
9,27,89.8
9,28,89.8
9,28,89.7
9,28,89.7
9,28,89.6
9,28,89.6
9,28,89.6
9,28,89.7
9,28,89.7
9,28,89.8
9,28,89.9
9,28,89.9
9,28,89.8
9,28,89.8
9,28,89.7
9,28,89.6
9,28,89.5
9,28,89.5
9,28,89.5
9,28,89.6
9,28,89.6
9,28,89.7
9,28,89.8
9,28,89.8
9,28,89.8
9,29,89.8
9,29,89.8
9,29,89.7
9,29,89.6
9,29,89.6
9,29,89.7
9,29,89.7
9,29,89.8
9,29,89.9
9,29,89.9
9,29,89.9
9,29,89.9
9,29,89.9
9,29,89.8
9,29,89.7
9,29,89.6
9,29,89.6
9,29,89.6
9,29,89.7
9,29,89.7
9,29,89.8
9,29,89.8
9,29,89.9
9,29,89.9
9,30,89.8
9,30,89.8
9,30,89.7
9,30,89.7
9,30,89.5
9,30,89.7
9,30,89.7
9,30,89.8
9,30,89.8
9,30,89.9
9,30,89.9
9,30,89.9
9,30,89.8
9,30,89.7
9,30,89.6
9,30,89.6
9,30,89.5
9,30,89.5
9,30,89.5
9,30,89.4
9,30,89.6
9,30,89.6
9,30,89.6
9,30,89.7
10,1,89.7
10,1,89.7
10,1,89.6
10,1,89.6
10,1,89.6
10,1,89.6
10,1,89.6
10,1,89.7
10,1,89.8
10,1,89.8
10,1,89.8
10,1,89.7
10,1,89.7
10,1,89.7
10,1,89.5
10,1,89.4
10,1,89.3
10,1,89.3
10,1,89.3
10,1,89.3
10,1,89.4
10,1,89.5
10,1,89.6
10,1,89.6
10,2,89.5
10,2,89.5
10,2,89.5
10,2,89.4
10,2,89.4
10,2,89.5
10,2,89.5
10,2,89.6
10,2,89.6
10,2,89.7
10,2,89.7
10,2,89.6
10,2,89.6
10,2,89.5
10,2,89.3
10,2,89.3
10,2,89.2
10,2,89.3
10,2,89.3
10,2,89.4
10,2,89.5
10,2,89.7
10,2,89.7
10,2,89.7
10,3,89.6
10,3,89.7
10,3,89.7
10,3,89.7
10,3,89.7
10,3,89.8
10,3,89.8
10,3,89.8
10,3,89.9
10,3,89.9
10,3,89.9
10,3,89.9
10,3,89.8
10,3,89.7
10,3,89.7
10,3,89.6
10,3,89.5
10,3,89.5
10,3,89.5
10,3,89.5
10,3,89.6
10,3,89.6
10,3,89.6
10,3,89.6
10,4,89.6
10,4,89.5
10,4,89.5
10,4,89.4
10,4,89.5
10,4,89.5
10,4,89.5
10,4,89.6
10,4,89.6
10,4,89.7
10,4,89.7
10,4,89.7
10,4,89.7
10,4,89.6
10,4,89.5
10,4,89.5
10,4,89.5
10,4,89.6
10,4,89.6
10,4,89.6
10,4,89.6
10,4,89.6
10,4,89.6
10,4,89.7
10,5,89.6
10,5,89.6
10,5,89.5
10,5,89.5
10,5,89.5
10,5,89.5
10,5,89.5
10,5,89.6
10,5,89.6
10,5,89.7
10,5,89.7
10,5,89.7
10,5,89.6
10,5,89.5
10,5,89.4
10,5,89.4
10,5,89.3
10,5,89.3
10,5,89.4
10,5,89.4
10,5,89.5
10,5,89.5
10,5,89.6
10,5,89.6
10,6,89.6
10,6,89.5
10,6,89.5
10,6,89.5
10,6,89.4
10,6,89.4
10,6,89.5
10,6,89.6
10,6,89.7
10,6,89.8
10,6,89.8
10,6,89.7
10,6,89.7
10,6,89.6
10,6,89.5
10,6,89.4
10,6,89.4
10,6,89.4
10,6,89.4
10,6,89.4
10,6,89.5
10,6,89.6
10,6,89.6
10,6,89.7
10,7,89.6
10,7,89.6
10,7,89.6
10,7,89.6
10,7,89.6
10,7,89.6
10,7,89.6
10,7,89.7
10,7,89.8
10,7,89.8
10,7,89.8
10,7,89.8
10,7,89.7
10,7,89.6
10,7,89.5
10,7,89.4
10,7,89.4
10,7,89.4
10,7,89.5
10,7,89.5
10,7,89.5
10,7,89.6
10,7,89.7
10,7,89.7
10,8,89.7
10,8,89.7
10,8,89.6
10,8,89.6
10,8,89.6
10,8,89.6
10,8,89.6
10,8,89.7
10,8,89.7
10,8,89.8
10,8,89.8
10,8,89.8
10,8,89.8
10,8,89.7
10,8,89.6
10,8,89.5
10,8,89.5
10,8,89.5
10,8,89.6
10,8,89.6
10,8,89.7
10,8,89.7
10,8,89.8
10,8,89.8
10,9,89.8
10,9,89.7
10,9,89.7
10,9,89.6
10,9,89.6
10,9,89.6
10,9,89.7
10,9,89.7
10,9,89.8
10,9,89.8
10,9,89.8
10,9,89.8
10,9,89.8
10,9,89.7
10,9,89.5
10,9,89.5
10,9,89.4
10,9,89.4
10,9,89.5
10,9,89.6
10,9,89.7
10,9,89.7
10,9,89.8
10,9,89.8
10,10,89.7
10,10,89.6
10,10,89.6
10,10,89.6
10,10,89.6
10,10,89.7
10,10,89.7
10,10,89.7
10,10,89.8
10,10,89.8
10,10,89.9
10,10,89.9
10,10,89.8
10,10,89.7
10,10,89.6
10,10,89.5
10,10,89.4
10,10,89.4
10,10,89.4
10,10,89.5
10,10,89.6
10,10,89.6
10,10,89.7
10,10,89.7
10,11,89.6
10,11,89.6
10,11,89.5
10,11,89.5
10,11,89.5
10,11,89.5
10,11,89.5
10,11,89.6
10,11,89.6
10,11,89.7
10,11,89.7
10,11,89.7
10,11,89.6
10,11,89.6
10,11,89.5
10,11,89.4
10,11,89.3
10,11,89.4
10,11,89.4
10,11,89.5
10,11,89.6
10,11,89.7
10,11,89.8
10,11,89.8
10,12,89.7
10,12,89.7
10,12,89.6
10,12,89.6
10,12,89.5
10,12,89.5
10,12,89.6
10,12,89.6
10,12,89.7
10,12,89.8
10,12,89.8
10,12,89.8
10,12,89.8
10,12,89.7
10,12,89.6
10,12,89.5
10,12,89.5
10,12,89.5
10,12,89.6
10,12,89.6
10,12,89.7
10,12,89.8
10,12,89.8
10,12,89.9
10,13,89.9
10,13,89.8
10,13,89.8
10,13,89.8
10,13,89.8
10,13,89.8
10,13,89.9
10,13,90
10,13,90
10,13,90
10,13,90
10,13,90
10,13,89.9
10,13,89.9
10,13,89.8
10,13,89.7
10,13,89.6
10,13,89.6
10,13,89.7
10,13,89.8
10,13,89.8
10,13,89.9
10,13,89.9
10,13,89.9
10,14,89.9
10,14,89.9
10,14,89.8
10,14,89.8
10,14,89.8
10,14,89.8
10,14,89.8
10,14,89.9
10,14,90
10,14,90
10,14,90
10,14,90
10,14,89.9
10,14,89.9
10,14,89.8
10,14,89.7
10,14,89.6
10,14,89.7
10,14,89.8
10,14,89.9
10,14,89.9
10,14,89.9
10,14,90
10,14,90
10,15,89.9
10,15,89.8
10,15,89.7
10,15,89.7
10,15,89.7
10,15,89.8
10,15,89.8
10,15,89.9
10,15,90
10,15,90
10,15,89.9
10,15,90
10,15,89.9
10,15,89.9
10,15,89.8
10,15,89.7
10,15,89.6
10,15,89.6
10,15,89.6
10,15,89.7
10,15,89.8
10,15,89.8
10,15,89.9
10,15,89.9
10,16,89.9
10,16,89.9
10,16,89.8
10,16,89.8
10,16,89.8
10,16,89.8
10,16,89.9
10,16,89.9
10,16,90
10,16,90.1
10,16,90.1
10,16,90.1
10,16,90
10,16,89.9
10,16,89.8
10,16,89.7
10,16,89.7
10,16,89.8
10,16,89.8
10,16,89.8
10,16,89.9
10,16,89.9
10,16,90
10,16,90
10,17,89.9
10,17,89.9
10,17,89.9
10,17,89.8
10,17,89.8
10,17,89.8
10,17,89.9
10,17,89.9
10,17,90
10,17,90
10,17,90
10,17,90
10,17,89.9
10,17,89.8
10,17,89.7
10,17,89.7
10,17,89.7
10,17,89.7
10,17,89.7
10,17,89.7
10,17,89.8
10,17,89.8
10,17,89.9
10,17,89.9
10,18,89.9
10,18,89.9
10,18,89.8
10,18,89.8
10,18,89.8
10,18,89.9
10,18,90
10,18,90
10,18,90.1
10,18,90.1
10,18,90.1
10,18,90
10,18,90
10,18,89.9
10,18,89.9
10,18,89.8
10,18,89.7
10,18,89.7
10,18,89.8
10,18,89.8
10,18,89.8
10,18,89.9
10,18,90
10,18,90
10,19,89.9
10,19,89.9
10,19,89.8
10,19,89.8
10,19,89.8
10,19,89.8
10,19,89.9
10,19,90
10,19,90.1
10,19,90
10,19,90.1
10,19,90.1
10,19,90
10,19,89.9
10,19,89.8
10,19,89.8
10,19,89.7
10,19,89.7
10,19,89.8
10,19,89.9
10,19,89.9
10,19,90
10,19,90
10,19,90
10,20,90
10,20,89.9
10,20,89.9
10,20,89.9
10,20,89.9
10,20,89.9
10,20,90
10,20,90
10,20,90.1
10,20,90.1
10,20,90.1
10,20,90
10,20,90
10,20,89.8
10,20,89.9
10,20,89.8
10,20,89.8
10,20,89.9
10,20,89.8
10,20,89.9
10,20,89.9
10,20,89.9
10,20,89.9
10,20,90
10,21,89.9
10,21,89.8
10,21,89.8
10,21,89.8
10,21,89.8
10,21,89.8
10,21,89.9
10,21,89.9
10,21,90
10,21,90
10,21,90
10,21,90
10,21,90
10,21,89.9
10,21,89.8
10,21,89.7
10,21,89.7
10,21,89.7
10,21,89.8
10,21,89.9
10,21,89.9
10,21,90
10,21,90
10,21,90
10,22,90.1
10,22,90
10,22,90
10,22,89.9
10,22,90
10,22,90
10,22,90
10,22,90.1
10,22,90.2
10,22,90.2
10,22,90.2
10,22,90.2
10,22,90.2
10,22,90.1
10,22,90
10,22,90
10,22,89.9
10,22,89.9
10,22,90
10,22,90
10,22,90.1
10,22,90.1
10,22,90.2
10,22,90.1
10,23,90.1
10,23,90
10,23,90
10,23,90
10,23,90
10,23,90.1
10,23,90.1
10,23,90.2
10,23,90.3
10,23,90.3
10,23,90.3
10,23,90.3
10,23,90.3
10,23,90.1
10,23,90.1
10,23,90
10,23,89.9
10,23,89.9
10,23,89.9
10,23,90
10,23,89.9
10,23,90
10,23,90.1
10,23,90
10,24,90
10,24,89.9
10,24,90
10,24,89.9
10,24,89.9
10,24,90
10,24,90.1
10,24,90.2
10,24,90.2
10,24,90.2
10,24,90.2
10,24,90.2
10,24,90.2
10,24,90
10,24,90
10,24,89.9
10,24,89.8
10,24,89.8
10,24,89.9
10,24,89.9
10,24,89.9
10,24,90
10,24,90
10,24,90
10,25,89.9
10,25,89.9
10,25,89.9
10,25,89.8
10,25,89.9
10,25,89.9
10,25,89.9
10,25,90
10,25,90.1
10,25,90.1
10,25,90
10,25,90
10,25,90
10,25,89.8
10,25,89.8
10,25,89.8
10,25,89.7
10,25,89.7
10,25,89.7
10,25,89.7
10,25,89.8
10,25,89.9
10,25,89.9
10,25,89.9
10,26,89.9
10,26,89.9
10,26,89.8
10,26,89.8
10,26,89.7
10,26,89.7
10,26,89.8
10,26,89.8
10,26,89.8
10,26,89.9
10,26,89.9
10,26,89.9
10,26,89.8
10,26,89.7
10,26,89.7
10,26,89.5
10,26,89.4
10,26,89.5
10,26,89.6
10,26,89.7
10,26,89.8
10,26,89.9
10,26,90
10,26,89.9
10,27,89.9
10,27,89.8
10,27,89.8
10,27,89.7
10,27,89.7
10,27,89.7
10,27,89.8
10,27,89.9
10,27,89.9
10,27,90
10,27,90
10,27,90
10,27,90
10,27,89.8
10,27,89.8
10,27,89.7
10,27,89.6
10,27,89.6
10,27,89.6
10,27,89.7
10,27,89.8
10,27,89.9
10,27,89.9
10,27,89.9
10,28,89.9
10,28,89.8
10,28,89.8
10,28,89.7
10,28,89.7
10,28,89.7
10,28,89.7
10,28,89.8
10,28,89.9
10,28,89.9
10,28,89.9
10,28,89.8
10,28,89.8
10,28,89.7
10,28,89.6
10,28,89.5
10,28,89.4
10,28,89.4
10,28,89.4
10,28,89.5
10,28,89.6
10,28,89.6
10,28,89.7
10,28,89.7
10,29,89.7
10,29,89.6
10,29,89.6
10,29,89.5
10,29,89.5
10,29,89.5
10,29,89.6
10,29,89.6
10,29,89.7
10,29,89.7
10,29,89.8
10,29,89.7
10,29,89.7
10,29,89.5
10,29,89.4
10,29,89.4
10,29,89.4
10,29,89.4
10,29,89.5
10,29,89.6
10,29,89.6
10,29,89.6
10,29,89.7
10,29,89.7
10,30,89.6
10,30,89.5
10,30,89.5
10,30,89.4
10,30,89.4
10,30,89.4
10,30,89.5
10,30,89.5
10,30,89.6
10,30,89.6
10,30,89.7
10,30,89.7
10,30,89.6
10,30,89.6
10,30,89.5
10,30,89.5
10,30,89.4
10,30,89.4
10,30,89.5
10,30,89.5
10,30,89.6
10,30,89.6
10,30,89.7
10,30,89.7
10,31,89.7
10,31,89.7
10,31,89.7
10,31,89.6
10,31,89.6
10,31,89.7
10,31,89.7
10,31,89.8
10,31,89.9
10,31,89.9
10,31,89.9
10,31,89.9
10,31,89.9
10,31,89.8
10,31,89.8
10,31,89.8
10,31,89.7
10,31,89.6
10,31,89.7
10,31,89.7
10,31,89.8
10,31,89.9
10,31,89.9
10,31,89.9
11,1,89.9
11,1,89.8
11,1,89.7
11,1,89.6
11,1,89.7
11,1,89.7
11,1,89.8
11,1,89.9
11,1,89.9
11,1,89.9
11,1,89.9
11,1,89.8
11,1,89.8
11,1,89.7
11,1,89.7
11,1,89.7
11,1,89.6
11,1,89.6
11,1,89.6
11,1,89.7
11,1,89.7
11,1,89.8
11,1,89.8
11,1,89.8
11,2,89.8
11,2,89.7
11,2,89.6
11,2,89.6
11,2,89.6
11,2,89.7
11,2,89.7
11,2,89.7
11,2,89.8
11,2,89.8
11,2,89.8
11,2,89.8
11,2,89.8
11,2,89.7
11,2,89.6
11,2,89.5
11,2,89.4
11,2,89.4
11,2,89.5
11,2,89.7
11,2,89.8
11,2,89.8
11,2,89.9
11,2,89.8
11,3,89.8
11,3,89.8
11,3,89.7
11,3,89.7
11,3,89.7
11,3,89.8
11,3,89.8
11,3,89.8
11,3,89.9
11,3,89.9
11,3,89.9
11,3,89.9
11,3,89.9
11,3,89.8
11,3,89.7
11,3,89.7
11,3,89.7
11,3,89.6
11,3,89.7
11,3,89.7
11,3,89.8
11,3,89.6
11,3,89.9
11,3,89.9
11,4,89.9
11,4,89.8
11,4,89.8
11,4,89.8
11,4,89.7
11,4,89.8
11,4,89.8
11,4,89.8
11,4,89.9
11,4,89.9
11,4,89.9
11,4,89.8
11,4,89.8
11,4,89.7
11,4,89.7
11,4,89.6
11,4,89.6
11,4,89.6
11,4,89.7
11,4,89.8
11,4,89.7
11,4,89.8
11,4,89.9
11,4,89.9
11,5,89.9
11,5,89.8
11,5,89.8
11,5,89.7
11,5,89.7
11,5,89.7
11,5,89.8
11,5,89.8
11,5,89.8
11,5,89.9
11,5,89.9
11,5,89.8
11,5,89.8
11,5,89.7
11,5,89.5
11,5,89.7
11,5,89.5
11,5,89.5
11,5,89.5
11,5,89.5
11,5,89.6
11,5,89.7
11,5,89.7
11,5,89.8
11,6,89.7
11,6,89.7
11,6,89.6
11,6,89.6
11,6,89.6
11,6,89.6
11,6,89.6
11,6,89.6
11,6,89.6
11,6,89.7
11,6,89.7
11,6,89.6
11,6,89.6
11,6,89.7
11,6,89.5
11,6,89.5
11,6,89.4
11,6,89.4
11,6,89.4
11,6,89.5
11,6,89.5
11,6,89.6
11,6,89.7
11,6,89.7
11,7,89.6
11,7,89.6
11,7,89.5
11,7,89.4
11,7,89.5
11,7,89.5
11,7,89.5
11,7,89.6
11,7,89.6
11,7,89.7
11,7,89.7
11,7,89.6
11,7,89.6
11,7,89.5
11,7,89.5
11,7,89.4
11,7,89.3
11,7,89.3
11,7,89.4
11,7,89.4
11,7,89.5
11,7,89.5
11,7,89.7
11,7,89.6
11,8,89.6
11,8,89.5
11,8,89.5
11,8,89.4
11,8,89.5
11,8,89.4
11,8,89.5
11,8,89.6
11,8,89.7
11,8,89.7
11,8,89.6
11,8,89.6
11,8,89.6
11,8,89.5
11,8,89.4
11,8,89.2
11,8,89.2
11,8,89.2
11,8,89.3
11,8,89.4
11,8,89.5
11,8,89.6
11,8,89.7
11,8,89.6
11,9,89.5
11,9,89.4
11,9,89.4
11,9,89.4
11,9,89.4
11,9,89.4
11,9,89.5
11,9,89.6
11,9,89.7
11,9,89.7
11,9,89.7
11,9,89.6
11,9,89.6
11,9,89.6
11,9,89.5
11,9,89.4
11,9,89.4
11,9,89.6
11,9,89.4
11,9,89.4
11,9,89.4
11,9,89.5
11,9,89.6
11,9,89.6
11,10,89.6
11,10,89.5
11,10,89.5
11,10,89.4
11,10,89.4
11,10,89.3
11,10,89.4
11,10,89.4
11,10,89.5
11,10,89.5
11,10,89.5
11,10,89.5
11,10,89.5
11,10,89.4
11,10,89.3
11,10,89.2
11,10,89.2
11,10,89.1
11,10,89.2
11,10,89.3
11,10,89.3
11,10,89.4
11,10,89.5
11,10,89.5
11,11,89.4
11,11,89.4
11,11,89.3
11,11,89.3
11,11,89.3
11,11,89.3
11,11,89.4
11,11,89.4
11,11,89.5
11,11,89.5
11,11,89.5
11,11,89.5
11,11,89.5
11,11,89.4
11,11,89.3
11,11,89.2
11,11,89.2
11,11,89.2
11,11,89.3
11,11,89.3
11,11,89.5
11,11,89.5
11,11,89.6
11,11,89.6
11,12,89.5
11,12,89.5
11,12,89.4
11,12,89.4
11,12,89.4
11,12,89.5
11,12,89.5
11,12,89.6
11,12,89.6
11,12,89.7
11,12,89.7
11,12,89.6
11,12,89.6
11,12,89.6
11,12,89.5
11,12,89.4
11,12,89.4
11,12,89.4
11,12,89.5
11,12,89.5
11,12,89.6
11,12,89.6
11,12,89.7
11,12,89.7
11,13,89.7
11,13,89.7
11,13,89.6
11,13,89.6
11,13,89.6
11,13,89.5
11,13,89.6
11,13,89.7
11,13,89.8
11,13,89.8
11,13,89.8
11,13,89.8
11,13,89.8
11,13,89.7
11,13,89.7
11,13,89.6
11,13,89.6
11,13,89.6
11,13,89.6
11,13,89.6
11,13,89.7
11,13,89.7
11,13,89.7
11,13,89.7
11,14,89.7
11,14,89.7
11,14,89.6
11,14,89.6
11,14,89.6
11,14,89.6
11,14,89.6
11,14,89.7
11,14,89.8
11,14,89.8
11,14,89.8
11,14,89.8
11,14,89.8
11,14,89.7
11,14,89.6
11,14,89.5
11,14,89.5
11,14,89.5
11,14,89.5
11,14,89.6
11,14,89.6
11,14,89.6
11,14,89.7
11,14,89.7
11,15,89.7
11,15,89.6
11,15,89.6
11,15,89.6
11,15,89.5
11,15,89.6
11,15,89.6
11,15,89.7
11,15,89.7
11,15,89.8
11,15,89.8
11,15,89.7
11,15,89.7
11,15,89.5
11,15,89.5
11,15,89.5
11,15,89.5
11,15,89.4
11,15,89.4
11,15,89.4
11,15,89.5
11,15,89.5
11,15,89.6
11,15,89.6
11,16,89.5
11,16,89.5
11,16,89.4
11,16,89.4
11,16,89.4
11,16,89.5
11,16,89.5
11,16,89.6
11,16,89.6
11,16,89.7
11,16,89.7
11,16,89.5
11,16,89.5
11,16,89.5
11,16,89.4
11,16,89.4
11,16,89.3
11,16,89.3
11,16,89.3
11,16,89.4
11,16,89.4
11,16,89.4
11,16,89.5
11,16,89.5
11,17,89.5
11,17,89.5
11,17,89.4
11,17,89.4
11,17,89.5
11,17,89.5
11,17,89.5
11,17,89.6
11,17,89.6
11,17,89.6
11,17,89.6
11,17,89.6
11,17,89.5
11,17,89.5
11,17,89.4
11,17,89.3
11,17,89.2
11,17,89.2
11,17,89.3
11,17,89.3
11,17,89.4
11,17,89.5
11,17,89.5
11,17,89.6
11,18,89.6
11,18,89.5
11,18,89.5
11,18,89.4
11,18,89.5
11,18,89.5
11,18,89.6
11,18,89.7
11,18,89.7
11,18,89.7
11,18,89.7
11,18,89.7
11,18,89.6
11,18,89.5
11,18,89.5
11,18,89.4
11,18,89.4
11,18,89.5
11,18,89.6
11,18,89.6
11,18,89.6
11,18,89.6
11,18,89.6
11,18,89.7
11,19,89.7
11,19,89.6
11,19,89.5
11,19,89.5
11,19,89.5
11,19,89.5
11,19,89.5
11,19,89.6
11,19,89.6
11,19,89.7
11,19,89.6
11,19,89.6
11,19,89.5
11,19,89.5
11,19,89.4
11,19,89.3
11,19,89.2
11,19,89.2
11,19,89.2
11,19,89.3
11,19,89.4
11,19,89.5
11,19,89.5
11,19,89.5
11,20,89.5
11,20,89.4
11,20,89.4
11,20,89.4
11,20,89.3
11,20,89.3
11,20,89.4
11,20,89.5
11,20,89.6
11,20,89.5
11,20,89.5
11,20,89.5
11,20,89.4
11,20,89.3
11,20,89.2
11,20,89.1
11,20,89.2
11,20,89.2
11,20,89.2
11,20,89.3
11,20,89.3
11,20,89.4
11,20,89.5
11,20,89.5
11,21,89.5
11,21,89.4
11,21,89.4
11,21,89.4
11,21,89.4
11,21,89.4
11,21,89.5
11,21,89.6
11,21,89.6
11,21,89.6
11,21,89.6
11,21,89.6
11,21,89.5
11,21,89.4
11,21,89.4
11,21,89.3
11,21,89.2
11,21,89.2
11,21,89.3
11,21,89.4
11,21,89.5
11,21,89.6
11,21,89.7
11,21,89.7
11,22,89.6
11,22,89.6
11,22,89.6
11,22,89.5
11,22,89.6
11,22,89.6
11,22,89.6
11,22,89.6
11,22,89.7
11,22,89.7
11,22,89.8
11,22,89.8
11,22,89.7
11,22,89.6
11,22,89.5
11,22,89.5
11,22,89.5
11,22,89.5
11,22,89.6
11,22,89.6
11,22,89.7
11,22,89.7
11,22,89.8
11,22,89.8
11,23,89.7
11,23,89.7
11,23,89.6
11,23,89.6
11,23,89.5
11,23,89.6
11,23,89.6
11,23,89.7
11,23,89.7
11,23,89.8
11,23,89.8
11,23,89.8
11,23,89.7
11,23,89.6
11,23,89.5
11,23,89.5
11,23,89.4
11,23,89.4
11,23,89.5
11,23,89.6
11,23,89.6
11,23,89.6
11,23,89.6
11,23,89.7
11,24,89.6
11,24,89.5
11,24,89.5
11,24,89.5
11,24,89.5
11,24,89.5
11,24,89.5
11,24,89.6
11,24,89.6
11,24,89.6
11,24,89.6
11,24,89.6
11,24,89.5
11,24,89.5
11,24,89.4
11,24,89.4
11,24,89.4
11,24,89.3
11,24,89.4
11,24,89.4
11,24,89.4
11,24,89.5
11,24,89.5
11,24,89.6
11,25,89.6
11,25,89.5
11,25,89.5
11,25,89.5
11,25,89.4
11,25,89.4
11,25,89.5
11,25,89.5
11,25,89.6
11,25,89.7
11,25,89.7
11,25,89.6
11,25,89.6
11,25,89.5
11,25,89.4
11,25,89.4
11,25,89.4
11,25,89.4
11,25,89.4
11,25,89.4
11,25,89.5
11,25,89.6
11,25,89.6
11,25,89.6
11,26,89.6
11,26,89.5
11,26,89.5
11,26,89.5
11,26,89.5
11,26,89.5
11,26,89.6
11,26,89.6
11,26,89.6
11,26,89.7
11,26,89.7
11,26,89.7
11,26,89.7
11,26,89.6
11,26,89.5
11,26,89.5
11,26,89.4
11,26,89.4
11,26,89.5
11,26,89.5
11,26,89.6
11,26,89.7
11,26,89.7
11,26,89.7
11,27,89.7
11,27,89.7
11,27,89.7
11,27,89.6
11,27,89.6
11,27,89.7
11,27,89.7
11,27,89.7
11,27,89.8
11,27,89.8
11,27,89.9
11,27,89.8
11,27,89.8
11,27,89.7
11,27,89.6
11,27,89.5
11,27,89.5
11,27,89.6
11,27,89.6
11,27,89.6
11,27,89.7
11,27,89.7
11,27,89.8
11,27,89.8
11,28,89.8
11,28,89.8
11,28,89.7
11,28,89.7
11,28,89.6
11,28,89.6
11,28,89.7
11,28,89.7
11,28,89.8
11,28,89.9
11,28,89.9
11,28,89.9
11,28,89.8
11,28,89.7
11,28,89.6
11,28,89.5
11,28,89.5
11,28,89.5
11,28,89.5
11,28,89.5
11,28,89.6
11,28,89.7
11,28,89.8
11,28,89.8
11,29,89.8
11,29,89.8
11,29,89.7
11,29,89.7
11,29,89.6
11,29,89.6
11,29,89.6
11,29,89.6
11,29,89.7
11,29,89.7
11,29,89.7
11,29,89.7
11,29,89.6
11,29,89.6
11,29,89.4
11,29,89.4
11,29,89.4
11,29,89.4
11,29,89.3
11,29,89.6
11,29,89.6
11,29,89.6
11,29,89.7
11,29,89.7
11,30,89.7
11,30,89.6
11,30,89.6
11,30,89.5
11,30,89.5
11,30,89.5
11,30,89.5
11,30,89.6
11,30,89.6
11,30,89.9
11,30,90
11,30,89.7
11,30,89.6
11,30,89.5
11,30,89.4
11,30,89.3
11,30,89.3
11,30,89.3
11,30,89.4
11,30,89.5
11,30,89.5
11,30,89.5
11,30,89.6
11,30,89.6
12,1,89.6
12,1,89.5
12,1,89.5
12,1,89.5
12,1,89.5
12,1,89.6
12,1,89.6
12,1,89.7
12,1,89.8
12,1,89.8
12,1,89.8
12,1,89.9
12,1,89.9
12,1,89.7
12,1,89.7
12,1,89.6
12,1,89.5
12,1,89.6
12,1,89.6
12,1,89.7
12,1,89.7
12,1,89.8
12,1,89.9
12,1,89.9
12,2,89.9
12,2,89.8
12,2,89.7
12,2,89.6
12,2,89.7
12,2,89.7
12,2,89.7
12,2,89.8
12,2,89.9
12,2,89.9
12,2,89.9
12,2,89.8
12,2,89.8
12,2,89.8
12,2,89.7
12,2,89.6
12,2,89.6
12,2,89.6
12,2,89.6
12,2,89.7
12,2,89.8
12,2,89.8
12,2,89.7
12,2,89.6
12,3,89.8
12,3,89.8
12,3,89.7
12,3,89.6
12,3,89.6
12,3,89.6
12,3,89.7
12,3,89.7
12,3,89.8
12,3,89.8
12,3,89.8
12,3,89.8
12,3,89.7
12,3,89.7
12,3,89.7
12,3,89.6
12,3,89.5
12,3,89.5
12,3,89.5
12,3,89.6
12,3,89.6
12,3,89.7
12,3,89.7
12,3,89.7
12,4,89.7
12,4,89.7
12,4,89.6
12,4,89.6
12,4,89.6
12,4,89.6
12,4,89.7
12,4,89.7
12,4,89.7
12,4,89.8
12,4,89.8
12,4,89.8
12,4,89.7
12,4,89.6
12,4,89.5
12,4,89.5
12,4,89.5
12,4,89.5
12,4,89.5
12,4,89.5
12,4,89.6
12,4,89.6
12,4,89.7
12,4,89.7
12,5,89.6
12,5,89.6
12,5,89.6
12,5,89.6
12,5,89.6
12,5,89.6
12,5,89.7
12,5,89.7
12,5,89.7
12,5,89.8
12,5,89.8
12,5,89.8
12,5,89.7
12,5,89.7
12,5,89.6
12,5,89.5
12,5,89.3
12,5,89.3
12,5,89.3
12,5,89.4
12,5,89.5
12,5,89.6
12,5,89.7
12,5,89.7
12,6,89.8
12,6,89.6
12,6,89.6
12,6,89.6
12,6,89.6
12,6,89.6
12,6,89.7
12,6,89.8
12,6,89.8
12,6,89.8
12,6,89.8
12,6,89.8
12,6,89.8
12,6,89.7
12,6,89.7
12,6,89.6
12,6,89.5
12,6,89.5
12,6,89.6
12,6,89.6
12,6,89.7
12,6,89.7
12,6,89.8
12,6,89.9
12,7,89.8
12,7,89.8
12,7,89.7
12,7,89.7
12,7,89.7
12,7,89.7
12,7,89.8
12,7,89.9
12,7,89.9
12,7,89.9
12,7,89.9
12,7,89.9
12,7,89.9
12,7,89.8
12,7,89.8
12,7,89.7
12,7,89.6
12,7,89.6
12,7,89.6
12,7,89.6
12,7,89.7
12,7,89.8
12,7,89.8
12,7,89.9
12,8,89.8
12,8,89.8
12,8,89.7
12,8,89.7
12,8,89.7
12,8,89.7
12,8,89.7
12,8,89.7
12,8,89.8
12,8,89.8
12,8,89.8
12,8,89.8
12,8,89.7
12,8,89.7
12,8,89.6
12,8,89.6
12,8,89.5
12,8,89.5
12,8,89.5
12,8,89.6
12,8,89.6
12,8,89.6
12,8,89.7
12,8,89.7
12,9,89.7
12,9,89.6
12,9,89.5
12,9,89.5
12,9,89.5
12,9,89.5
12,9,89.5
12,9,89.6
12,9,89.7
12,9,89.7
12,9,89.7
12,9,89.7
12,9,89.6
12,9,89.5
12,9,89.4
12,9,89.3
12,9,89.3
12,9,89.3
12,9,89.3
12,9,89.4
12,9,89.5
12,9,89.5
12,9,89.6
12,9,89.6
12,10,89.5
12,10,89.5
12,10,89.4
12,10,89.4
12,10,89.4
12,10,89.4
12,10,89.4
12,10,89.5
12,10,89.6
12,10,89.6
12,10,89.6
12,10,89.6
12,10,89.5
12,10,89.4
12,10,89.4
12,10,89.3
12,10,89.3
12,10,89.3
12,10,89.3
12,10,89.4
12,10,89.5
12,10,89.6
12,10,89.7
12,10,89.7
12,11,89.6
12,11,89.6
12,11,89.5
12,11,89.5
12,11,89.5
12,11,89.5
12,11,89.5
12,11,89.6
12,11,89.7
12,11,89.7
12,11,89.7
12,11,89.7
12,11,89.6
12,11,89.6
12,11,89.5
12,11,89.5
12,11,89.4
12,11,89.4
12,11,89.4
12,11,89.5
12,11,89.5
12,11,89.5
12,11,89.6
12,11,89.5
12,12,89.6
12,12,89.5
12,12,89.5
12,12,89.4
12,12,89.4
12,12,89.4
12,12,89.5
12,12,89.5
12,12,89.5
12,12,89.5
12,12,89.5
12,12,89.5
12,12,89.5
12,12,89.5
12,12,89.4
12,12,89.4
12,12,89.3
12,12,89.2
12,12,89.3
12,12,89.3
12,12,89.3
12,12,89.4
12,12,89.4
12,12,89.5
12,13,89.4
12,13,89.3
12,13,89.3
12,13,89.2
12,13,89.2
12,13,89.2
12,13,89.3
12,13,89.3
12,13,89.4
12,13,89.4
12,13,89.4
12,13,89.4
12,13,89.3
12,13,89.3
12,13,89.2
12,13,89.2
12,13,89.1
12,13,89.1
12,13,89.1
12,13,89.2
12,13,89.2
12,13,89.3
12,13,89.4
12,13,89.4
12,14,89.4
12,14,89.2
12,14,89.1
12,14,89.2
12,14,89.2
12,14,89.4
12,14,89.2
12,14,89.3
12,14,89.3
12,14,89.3
12,14,89.4
12,14,89.3
12,14,89.3
12,14,89.2
12,14,89.2
12,14,89.2
12,14,89.1
12,14,89.2
12,14,89.2
12,14,89.2
12,14,89.3
12,14,89.3
12,14,89.4
12,14,89.5
12,15,89.4
12,15,89.4
12,15,89.3
12,15,89.3
12,15,89.3
12,15,89.3
12,15,89.3
12,15,89.4
12,15,89.5
12,15,89.5
12,15,89.5
12,15,89.6
12,15,89.5
12,15,89.4
12,15,89.4
12,15,89.3
12,15,89.3
12,15,89.3
12,15,89.3
12,15,89.3
12,15,89.4
12,15,89.5
12,15,89.6
12,15,89.6
12,16,89.6
12,16,89.5
12,16,89.5
12,16,89.4
12,16,89.4
12,16,89.4
12,16,89.5
12,16,89.6
12,16,89.6
12,16,89.6
12,16,89.7
12,16,89.7
12,16,89.6
12,16,89.5
12,16,89.5
12,16,89.4
12,16,89.4
12,16,89.4
12,16,89.4
12,16,89.5
12,16,89.6
12,16,89.7
12,16,89.7
12,16,89.7
12,17,89.7
12,17,89.6
12,17,89.5
12,17,89.5
12,17,89.5
12,17,89.5
12,17,89.6
12,17,89.7
12,17,89.7
12,17,89.7
12,17,89.7
12,17,89.6
12,17,89.6
12,17,89.6
12,17,89.5
12,17,89.5
12,17,89.4
12,17,89.4
12,17,89.4
12,17,89.4
12,17,89.5
12,17,89.6
12,17,89.7
12,17,89.7
12,18,89.6
12,18,89.6
12,18,89.6
12,18,89.5
12,18,89.5
12,18,89.5
12,18,89.6
12,18,89.7
12,18,89.7
12,18,89.7
12,18,89.7
12,18,89.7
12,18,89.6
12,18,89.5
12,18,89.4
12,18,89.3
12,18,89.3
12,18,89.3
12,18,89.3
12,18,89.4
12,18,89.5
12,18,89.6
12,18,89.7
12,18,89.7
12,19,89.6
12,19,89.5
12,19,89.5
12,19,89.6
12,19,89.5
12,19,89.5
12,19,89.5
12,19,89.6
12,19,89.6
12,19,89.7
12,19,89.7
12,19,89.6
12,19,89.6
12,19,89.4
12,19,89.3
12,19,89.4
12,19,89.4
12,19,89.4
12,19,89.4
12,19,89.4
12,19,89.6
12,19,89.6
12,19,89.7
12,19,89.7
12,20,89.6
12,20,89.5
12,20,89.5
12,20,89.5
12,20,89.4
12,20,89.4
12,20,89.5
12,20,89.5
12,20,89.5
12,20,89.6
12,20,89.6
12,20,89.6
12,20,89.6
12,20,89.5
12,20,89.5
12,20,89.4
12,20,89.3
12,20,89.2
12,20,89.4
12,20,89.4
12,20,89.4
12,20,89.5
12,20,89.6
12,20,89.6
12,21,89.5
12,21,89.5
12,21,89.4
12,21,89.4
12,21,89.4
12,21,89.4
12,21,89.4
12,21,89.5
12,21,89.5
12,21,89.5
12,21,89.5
12,21,89.5
12,21,89.5
12,21,89.4
12,21,89.3
12,21,89.2
12,21,89.2
12,21,89.2
12,21,89.2
12,21,89.3
12,21,89.3
12,21,89.4
12,21,89.5
12,21,89.5
12,22,89.5
12,22,89.5
12,22,89.4
12,22,89.4
12,22,89.4
12,22,89.4
12,22,89.5
12,22,89.5
12,22,89.6
12,22,89.6
12,22,89.7
12,22,89.7
12,22,89.6
12,22,89.6
12,22,89.5
12,22,89.4
12,22,89.4
12,22,89.4
12,22,89.4
12,22,89.4
12,22,89.5
12,22,89.6
12,22,89.6
12,22,89.7
12,23,89.7
12,23,89.5
12,23,89.5
12,23,89.5
12,23,89.5
12,23,89.5
12,23,89.5
12,23,89.6
12,23,89.7
12,23,89.8
12,23,89.8
12,23,89.8
12,23,89.9
12,23,89.7
12,23,89.7
12,23,89.5
12,23,89.4
12,23,89.4
12,23,89.3
12,23,89.3
12,23,89.6
12,23,89.6
12,23,89.7
12,23,89.7
12,24,89.6
12,24,89.6
12,24,89.6
12,24,89.5
12,24,89.5
12,24,89.5
12,24,89.6
12,24,89.6
12,24,89.6
12,24,89.7
12,24,89.7
12,24,89.7
12,24,89.7
12,24,89.5
12,24,89.4
12,24,89.4
12,24,89.3
12,24,89.2
12,24,89.3
12,24,89.4
12,24,89.4
12,24,89.5
12,24,89.6
12,24,89.6
12,25,89.6
12,25,89.5
12,25,89.5
12,25,89.4
12,25,89.5
12,25,89.5
12,25,89.5
12,25,89.6
12,25,89.6
12,25,89.6
12,25,89.7
12,25,89.6
12,25,89.6
12,25,89.5
12,25,89.5
12,25,89.3
12,25,89.2
12,25,89.2
12,25,89.3
12,25,89.3
12,25,89.6
12,25,89.5
12,25,89.6
12,25,89.6
12,26,89.5
12,26,89.5
12,26,89.4
12,26,89.4
12,26,89.4
12,26,89.4
12,26,89.5
12,26,89.5
12,26,89.6
12,26,89.7
12,26,89.7
12,26,89.7
12,26,89.6
12,26,89.6
12,26,89.4
12,26,89.3
12,26,89.3
12,26,89.3
12,26,89.3
12,26,89.4
12,26,89.5
12,26,89.5
12,26,89.6
12,26,89.6
12,27,89.5
12,27,89.6
12,27,89.5
12,27,89.5
12,27,89.5
12,27,89.5
12,27,89.5
12,27,89.6
12,27,89.6
12,27,89.6
12,27,89.7
12,27,89.7
12,27,89.6
12,27,89.5
12,27,89.4
12,27,89.3
12,27,89.2
12,27,89.2
12,27,89.2
12,27,89.3
12,27,89.4
12,27,89.4
12,27,89.5
12,27,89.6
12,28,89.5
12,28,89.4
12,28,89.4
12,28,89.3
12,28,89.3
12,28,89.3
12,28,89.3
12,28,89.4
12,28,89.4
12,28,89.5
12,28,89.5
12,28,89.4
12,28,89.4
12,28,89.3
12,28,89.2
12,28,89.2
12,28,89.3
12,28,89.3
12,28,89.3
12,28,89.4
12,28,89.5
12,28,89.5
12,28,89.6
12,28,89.6
12,29,89.6
12,29,89.5
12,29,89.5
12,29,89.4
12,29,89.4
12,29,89.4
12,29,89.5
12,29,89.5
12,29,89.5
12,29,89.6
12,29,89.6
12,29,89.6
12,29,89.6
12,29,89.6
12,29,89.6
12,29,89.5
12,29,89.4
12,29,89.4
12,29,89.4
12,29,89.4
12,29,89.5
12,29,89.6
12,29,89.6
12,29,89.6
12,30,89.7
12,30,89.6
12,30,89.6
12,30,89.6
12,30,89.5
12,30,89.6
12,30,89.6
12,30,89.7
12,30,89.7
12,30,89.8
12,30,89.8
12,30,89.7
12,30,89.7
12,30,89.6
12,30,89.5
12,30,89.4
12,30,89.4
12,30,89.4
12,30,89.4
12,30,89.4
12,30,89.5
12,30,89.6
12,30,89.6
12,30,89.6
12,31,89.6
12,31,89.5
12,31,89.5
12,31,89.5
12,31,89.5
12,31,89.5
12,31,89.6
12,31,89.7
12,31,89.7
12,31,89.7
12,31,89.8
12,31,89.8
12,31,89.6
12,31,89.6
12,31,89.5
12,31,89.4
12,31,89.4
12,31,89.4
12,31,89.4
12,31,89.4
12,31,89.5
12,31,89.6
12,31,89.6
12,31,89.6